Order,Family,Species,Mass(g),BMR(W),Speciesavg.mass(g),Speciesavg.BMR(W),References
Artiodactyla,Antilocapridae,Antilocapraamericana,32000.00,49.984,34779.3,50.973,Lovegrove(2000)
Artiodactyla,Antilocapridae,Antilocapraamericana,37800,51.981,,,White&Seymour(2003)
Artiodactyla,Bovidae,Bostaurus,347000,306.77,347000,306.77,Heusner(1991)
Artiodactyla,Bovidae,Cephalophusmonticola,4200,10.075,4200,10.075,Lovegrove(2000)
Artiodactyla,Bovidae,Connochaetestaurinus,196500,230.073,196500,230.073,"White&Seymour(2003),Rogerson(1968)"
Artiodactyla,Bovidae,Kobusellipsiprymnus,100000,148.949,100000,148.949,Lovegrove(2000)
Artiodactyla,Bovidae,Madoquakirkii,4290,11.966,4290,11.966,Lovegrove(2000)
Artiodactyla,Bovidae,Oreamnosamericanus,32000,46.414,32000,46.414,Lovegrove(2000)
Artiodactyla,Bovidae,Oviscanadensis,65000,123.287,67030.8,114.674,Lovegrove(2000)
Artiodactyla,Bovidae,Oviscanadensis,69125,106.663,,,White&Seymour(2003)
Artiodactyla,Bovidae,Raphiceruscampestris,9600,20.619,9600,20.619,Lovegrove(2000)
Artiodactyla,Bovidae,Taurotragusoryx,133300,180.15,141403.7,190.209,Heusner(1991)
Artiodactyla,Bovidae,Taurotragusoryx,150000,200.83,,,Lovegrove(2000)
Artiodactyla,Camelidae,Camelusdromedarius,407000,224.779,407000,224.779,Lovegrove(2000)
Artiodactyla,Camelidae,Lamaglama,115000,148.94,115000,148.94,Heusner(1991)
Artiodactyla,Canidae,Cervuselaphus,67000,112.43,67000,112.43,Heusner(1991)
Artiodactyla,Cervidae,Alcesalces,325000,286.847,325000,286.847,White&Seymour(2003)
Artiodactyla,Cervidae,Capreoluscapreolus,21500,46.347,21500,46.347,Weiner(1977)
Artiodactyla,Cervidae,Odocoileusvirginianus,58588,142.863,61862.5,123.447,White&Seymour(2003)
Artiodactyla,Cervidae,Odocoileusvirginianus,65320,106.67,,,Heusner(1991)
Artiodactyla,Cervidae,Rangifertarandus,85000,119.66,85000,119.66,Heusner(1991)
Artiodactyla,Suidae,Susscrofa,135000,104.15,135000,104.15,Heusner(1991)
Artiodactyla,Tayassuidae,Pecaritajacu,20500,33.165,20500,33.165,White&Seymour(2003)
Artiodactyla,Tragulidae,Tragulusjavanicus,1613,4.9,1615.5,4.883,Heusner(1991)
Artiodactyla,Tragulidae,Tragulusjavanicus,1618,4.865,,,Lovegrove(2000)
Carnivora,Canidae,Alopexlagopus,3600,7.665,3600,7.665,White&Seymour(2003)
Carnivora,Canidae,Canislatrans,10000,14.99,10148.9,19.423,White&Seymour(2003)
Carnivora,Canidae,Canislatrans,10300,25.167,,,Lovegrove(2000)
Carnivora,Canidae,Canismesomelas,7720,21.533,7720,21.533,White&Seymour(2003)
Carnivora,Canidae,Cerdocyonthous,5444,8.502,5444,8.502,White&Seymour(2003)
Carnivora,Canidae,Lycaonpictus,8750,33.01,8750,33.01,Heusner(1991)
Carnivora,Canidae,Vulpesvelox,1769,4.948,1769,4.948,White&Seymour(2003)
Carnivora,Canidae,Vulpesvulpes,4440,13.623,4580.3,13.731,White&Seymour(2003)
Carnivora,Canidae,Vulpesvulpes,4725,13.841,,,White&Seymour(2003)
Carnivora,Canidae,Vulpeszerda,1106,2.23,1159.2,2.693,Heusner(1991)
Carnivora,Canidae,Vulpeszerda,1215,3.252,,,White&Seymour(2003)
Carnivora,Felidae,Acinonyxjubatus,37900,50.107,38446.1,61.77,White&Seymour(2003)
Carnivora,Felidae,Acinonyxjubatus,39000,76.148,,,Lovegrove(2000)
Carnivora,Felidae,Felisconcolor,37200,49.326,37200,49.326,White&Seymour(2003)
Carnivora,Felidae,Herpailurusyaguarondi,8400,9.69,8400,9.69,White&Seymour(2003)
Carnivora,Felidae,Leoparduspardalis,10500,17.439,10500,17.439,White&Seymour(2003)
Carnivora,Felidae,Leoparduswiedii,3600,5.227,3600,5.227,White&Seymour(2003)
Carnivora,Felidae,Leptailurusserval,1012,1.44,1012,1.44,Lovegrove(2000)
Carnivora,Felidae,Lynxrufus,9400,23.542,9400,23.542,White&Seymour(2003)
Carnivora,Felidae,Pantheraleo,98000,94.58,98000,94.58,White&Seymour(2003)
Carnivora,Felidae,Pantheraonca,50400,62.419,50400,62.419,White&Seymour(2003)
Carnivora,Felidae,Pantheratigris,137900,133.859,137900,133.859,White&Seymour(2003)
Carnivora,Herpestidae,Galerellasanguinea,500,2.12,519.6,2.202,Kamauetal.(1979)
Carnivora,Herpestidae,Galerellasanguinea,540,2.287,,,White&Seymour(2003)
Carnivora,Herpestidae,Herpestesjavanicus,611,2.248,611,2.248,White&Seymour(2003)
Carnivora,Herpestidae,Suricatasuricatta,850,1.729,850,1.729,White&Seymour(2003)
Carnivora,Hyaenidae,Hyaenahyaena,34300,31.954,34300,31.954,White&Seymour(2003)
Carnivora,Hyaenidae,Protelescristatus,7710,10.925,7902.6,11.563,Lovegrove(2000)
Carnivora,Hyaenidae,Protelescristatus,8100,12.239,,,White&Seymour(2003)
Carnivora,Mustelidae,Eirabarbara,2950,6.811,2950,6.811,White&Seymour(2003)
Carnivora,Mustelidae,Enhydralutris,18000,67.278,26832.8,98.479,Lovegrove(2000)
Carnivora,Mustelidae,Enhydralutris,40000,144.15,,,Heusner(1991)
Carnivora,Mustelidae,Gulogulo,12700,31.765,12700,31.765,White&Seymour(2003)
Carnivora,Mustelidae,Lutralutra,10000,25.104,10000,25.104,White&Seymour(2003)
Carnivora,Mustelidae,Martesamericana,900,3.319,966.5,3.579,White&Seymour(2003)
Carnivora,Mustelidae,Martesamericana,1038,3.86,,,Heusner(1991)
Carnivora,Mustelidae,Martesmartes,920,4,920,4,White&Seymour(2003)
Carnivora,Mustelidae,Melesmeles,11050,16.647,11050,16.647,White&Seymour(2003)
Carnivora,Mustelidae,Mustelaerminea,75,0.93,125.5,1.276,Heusner(1991)
Carnivora,Mustelidae,Mustelaerminea,210,1.75,,,Heusner(1991)
Carnivora,Mustelidae,Mustelafrenata,225,1.344,225,1.344,White&Seymour(2003)
Carnivora,Mustelidae,Mustelavison,660,2.722,660,2.722,White&Seymour(2003)
Carnivora,Mustelidae,Spilogaleputorius,624,1.674,624,1.674,White&Seymour(2003)
Carnivora,Mustelidae,Taxideataxus,9000,15.062,9000,15.062,White&Seymour(2003)
Carnivora,Phocidae,Phocafasciata,54000,118.59,54000,118.59,Heusner(1991)
Carnivora,Phocidae,Phocagroenlandica,150000,168.93,150000,168.93,Heusner(1991)
Carnivora,Phocidae,Phocavitulina,27400,73.29,27400,73.29,Heusner(1991)
Carnivora,Procyonidae,Ailurusfulgens,5740,4.898,5740,4.898,White&Seymour(2003)
Carnivora,Procyonidae,Bassariscussumichrasti,1280,3.537,1280,3.537,White&Seymour(2003)
Carnivora,Procyonidae,Nasuanarica,3670,6.733,3670,6.733,White&Seymour(2003)
Carnivora,Procyonidae,Nasuanasua,3850,5.649,3924.3,5.591,Lovegrove(2000)
Carnivora,Procyonidae,Nasuanasua,4000,5.534,,,White&Seymour(2003)
Carnivora,Procyonidae,Potosflavus,2215,4.177,2318,4.294,Lovegrove(2000)
Carnivora,Procyonidae,Potosflavus,2343,4.441,,,White&Seymour(2003)
Carnivora,Procyonidae,Potosflavus,2400,4.27,,,Heusner(1991)
Carnivora,Procyonidae,Procyoncancrivorus,1160,2.588,1160,2.588,White&Seymour(2003)
Carnivora,Procyonidae,Procyonlotor,4620,12.191,4842.2,10.428,Lovegrove(2000)
Carnivora,Procyonidae,Procyonlotor,5075,8.92,,,White&Seymour(2003)
Carnivora,Ursidae,Melursusursinus,66957,47.064,66957,47.064,McNab(1992)
Carnivora,Viverridae,Arctictisbinturong,14280,12.747,14280,12.747,White&Seymour(2003)
Carnivora,Viverridae,Arctogalidiatrivirgata,2010,3.085,2010,3.085,White&Seymour(2003)
Carnivora,Viverridae,Fossafossana,2260,5.09,2260,5.09,Heusner(1991)
Carnivora,Viverridae,Genettatigrina,1698,4.167,1699,4.189,White&Seymour(2003)
Carnivora,Viverridae,Genettatigrina,1700,4.21,,,Heusner(1991)
Carnivora,Viverridae,Nandiniabinotata,4270,4.814,4270,5.565,White&Seymour(2003)
Carnivora,Viverridae,Nandiniabinotata,4270,6.432,,,Lovegrove(2000)
Carnivora,Viverridae,Paradoxurushermaphroditus,3160,7.665,3282.6,5.534,White&Seymour(2003)
Carnivora,Viverridae,Paradoxurushermaphroditus,3410,3.995,,,Lovegrove(2000)
Chiroptera,Emballonuridae,Peropteryxmacrotis,5,0.065,5,0.065,White&Seymour(2003)
Chiroptera,Emballonuridae,Saccopteryxbilineata,7.8,0.081,7.8,0.081,Lovegrove(2000)
Chiroptera,Hipposideridae,Rhinonycterisaurantius,8.27,0.09,8.3,0.09,Baudinetteetal.(2000)
Chiroptera,Megadermatidae,Macrodermagigas,107.2,0.526,126,0.639,Baudinetteetal.(2000)
Chiroptera,Megadermatidae,Macrodermagigas,148,0.776,,,McNab(1969)
Chiroptera,Molossidae,Eumopsperotis,56,0.222,56,0.222,White&Seymour(2003)
Chiroptera,Molossidae,Molossusmolossus,15.6,0.126,15.6,0.126,White&Seymour(2003)
Chiroptera,Molossidae,Nyctinomopslaticaudatus,14,0.062,14,0.062,Lovegrove(2000)
Chiroptera,Molossidae,Tadaridabrasiliensis,10.4,0.12,13.3,0.117,Heusner(1991)
Chiroptera,Molossidae,Tadaridabrasiliensis,16.9,0.113,,,White&Seymour(2003)
Chiroptera,Mormoopidae,Mormoopsblainvillii,8.6,0.045,8.6,0.045,White&Seymour(2003)
Chiroptera,Mormoopidae,Mormoopsmegalophylla,16.5,0.136,16.5,0.136,White&Seymour(2003)
Chiroptera,Mormoopidae,Pteronotusdavyi,9.4,0.085,9.4,0.085,Lovegrove(2000)
Chiroptera,Mormoopidae,Pteronotusparnellii,19.2,0.171,19.2,0.171,Lovegrove(2000)
Chiroptera,Mormoopidae,Pteronotuspersonatus,14,0.128,14,0.128,Lovegrove(2000)
Chiroptera,Mormoopidae,Pteronotusquadridens,4.9,0.034,4.9,0.034,White&Seymour(2003)
Chiroptera,Natalidae,Natalustumidirostris,5.4,0.046,5.4,0.046,White&Seymour(2003)
Chiroptera,Noctilionidae,Noctilioalbiventris,27,0.176,27,0.176,McNab(1969)
Chiroptera,Noctilionidae,Noctilioleporinus,61,0.4,61,0.4,McNab(1969)
Chiroptera,Phyllostomidae,Anouracaudifera,11.5,0.238,11.5,0.238,McNab(1969)
Chiroptera,Phyllostomidae,Artibeusconcolor,19.7,0.222,19.7,0.222,McNab(1969)
Chiroptera,Phyllostomidae,Artibeusfimbriatus,63.9,0.435,63.9,0.435,White&Seymour(2003)
Chiroptera,Phyllostomidae,Artibeusjamaicensis,45.2,0.428,46.1,0.359,McNab(1969)
Chiroptera,Phyllostomidae,Artibeusjamaicensis,47,0.3,,,Heusner(1991)
Chiroptera,Phyllostomidae,Artibeuslituratus,70.1,0.602,70.1,0.602,McNab(1969)
Chiroptera,Phyllostomidae,Carolliaperspicillata,14.9,0.24,14.9,0.24,McNab(1969)
Chiroptera,Phyllostomidae,Chirodermadoriae,19.9,0.173,19.9,0.173,White&Seymour(2003)
Chiroptera,Phyllostomidae,Chrotopterusauritus,96.1,0.788,96.1,0.788,McNab(1969)
Chiroptera,Phyllostomidae,Desmodusrotundus,29.4,0.194,29.4,0.194,McNab(1969)
Chiroptera,Phyllostomidae,Diaemusyoungi,36.6,0.208,36.6,0.208,McNab(1969)
Chiroptera,Phyllostomidae,Diphyllaecaudata,27.8,0.215,27.8,0.215,McNab(1969)
Chiroptera,Phyllostomidae,Erophyllasezekorni,16.1,0.099,16.1,0.099,White&Seymour(2003)
Chiroptera,Phyllostomidae,Glossophagasoricina,9.6,0.164,9.6,0.164,McNab(1969)
Chiroptera,Phyllostomidae,Leptonycteriscurasoae,22,0.245,22,0.245,White&Seymour(2003)
Chiroptera,Phyllostomidae,Macrotuscalifornicus,11.7,0.082,11.7,0.082,Lovegrove(2000)
Chiroptera,Phyllostomidae,Monophyllusredmani,8.7,0.062,8.7,0.062,White&Seymour(2003)
Chiroptera,Phyllostomidae,Phyllostomusdiscolor,33.5,0.267,33.5,0.267,McNab(1969)
Chiroptera,Phyllostomidae,Phyllostomuselongatus,35.6,0.216,35.6,0.216,White&Seymour(2003)
Chiroptera,Phyllostomidae,Phyllostomushastatus,84.2,0.559,84.2,0.559,McNab(1969)
Chiroptera,Phyllostomidae,Platyrrhinuslineatus,21.9,0.25,21.9,0.25,McNab(1969)
Chiroptera,Phyllostomidae,Rhinophyllafischerae,9.5,0.091,9.5,0.091,Lovegrove(2000)
Chiroptera,Phyllostomidae,Rhinophyllapumilio,9.5,0.104,9.5,0.104,McNab(1969)
Chiroptera,Phyllostomidae,Sturniralilium,21,0.19,21.4,0.237,Heusner(1991)
Chiroptera,Phyllostomidae,Sturniralilium,21.9,0.297,,,McNab(1969)
Chiroptera,Phyllostomidae,Sturniratildae,20.5,0.223,20.5,0.223,White&Seymour(2003)
Chiroptera,Phyllostomidae,Tonatiabidens,27.4,0.307,27.4,0.307,McNab(1969)
Chiroptera,Phyllostomidae,Urodermabilobatum,16.2,0.176,16.2,0.176,McNab(1969)
Chiroptera,Phyllostomidae,Vampyressapusilla,8.8,0.104,8.8,0.104,White&Seymour(2003)
Chiroptera,Pteropodidae,Cynopterusbrachyotis,37,0.26,37.2,0.262,Heusner(1991)
Chiroptera,Pteropodidae,Cynopterusbrachyotis,37.4,0.265,,,White&Seymour(2003)
Chiroptera,Pteropodidae,Dobsoniaminor,73.7,0.415,80.1,0.504,White&Seymour(2003)
Chiroptera,Pteropodidae,Dobsoniaminor,87,0.612,,,Lovegrove(2000)
Chiroptera,Pteropodidae,Dobsoniamoluccensis,241.4,0.971,312.4,1.411,White&Seymour(2003)
Chiroptera,Pteropodidae,Dobsoniamoluccensis,404.3,2.052,,,White&Seymour(2003)
Chiroptera,Pteropodidae,Dobsoniapraedatrix,179.5,0.795,179.5,0.795,White&Seymour(2003)
Chiroptera,Pteropodidae,Eonycterisspelaea,51.6,0.268,51.6,0.268,Lovegrove(2000)
Chiroptera,Pteropodidae,Macroglossusminimus,15.9,0.103,15.9,0.103,White&Seymour(2003)
Chiroptera,Pteropodidae,Megaloglossuswoermanni,12.4,0.121,12.4,0.121,Lovegrove(2000)
Chiroptera,Pteropodidae,Melonycterismelanops,53.3,0.242,53.3,0.242,White&Seymour(2003)
Chiroptera,Pteropodidae,Nyctimenealbiventer,28.2,0.225,29.5,0.185,Lovegrove(2000)
Chiroptera,Pteropodidae,Nyctimenealbiventer,30.9,0.152,,,White&Seymour(2003)
Chiroptera,Pteropodidae,Nyctimenecyclotis,40.4,0.36,40.4,0.36,White&Seymour(2003)
Chiroptera,Pteropodidae,Nyctimenemajor,13.6,0.114,13.6,0.114,White&Seymour(2003)
Chiroptera,Pteropodidae,Paranyctimeneraptor,21.3,0.17,22.4,0.152,Heusner(1991)
Chiroptera,Pteropodidae,Paranyctimeneraptor,23.6,0.137,,,White&Seymour(2003)
Chiroptera,Pteropodidae,Pteropusgiganteus,562.2,1.622,562.2,1.622,White&Seymour(2003)
Chiroptera,Pteropodidae,Pteropushypomelanus,520.8,1.618,520.8,1.618,White&Seymour(2003)
Chiroptera,Pteropodidae,Pteropuspoliocephalus,598,1.768,598,1.768,White&Seymour(2003)
Chiroptera,Pteropodidae,Pteropuspumilus,194.2,0.705,194.2,0.705,White&Seymour(2003)
Chiroptera,Pteropodidae,Pteropusrodricensis,254.5,0.753,254.5,0.753,White&Seymour(2003)
Chiroptera,Pteropodidae,Pteropusscapulatus,362,1.353,362,1.353,White&Seymour(2003)
Chiroptera,Pteropodidae,Pteropusvampyrus,1024.3,4.486,1024.3,4.486,White&Seymour(2003)
Chiroptera,Pteropodidae,Rousettusaegyptiacus,146,0.684,146,0.684,White&Seymour(2003)
Chiroptera,Pteropodidae,Rousettusamplexicaudatus,91.5,0.582,91.5,0.582,White&Seymour(2003)
Chiroptera,Pteropodidae,Syconycterisaustralis,15.9,0.122,16.7,0.152,White&Seymour(2003)
Chiroptera,Pteropodidae,Syconycterisaustralis,17.5,0.188,,,McNab(1969)
Chiroptera,Rhinolophidae,Hipposiderosgaleritus,8.5,0.05,8.5,0.05,Heusner(1991)
Chiroptera,Vespertilionidae,Antrozouspallidus,22,0.104,22,0.104,Lovegrove(2000)
Chiroptera,Vespertilionidae,Chalinolobusgouldii,17.5,0.141,17.5,0.141,White&Seymour(2003)
Chiroptera,Vespertilionidae,Eptesicusfuscus,10.4,0.116,13.3,0.113,White&Seymour(2003)
Chiroptera,Vespertilionidae,Eptesicusfuscus,16.9,0.11,,,Heusner(1991)
Chiroptera,Vespertilionidae,Histiotusvelatus,11.2,0.088,11.2,0.088,White&Seymour(2003)
Chiroptera,Vespertilionidae,Miniopterusschreibersi,10.91,0.145,10.9,0.145,Baudinetteetal.(2000)
Chiroptera,Vespertilionidae,Myotislucifugus,5.2,0.05,5.8,0.051,White&Seymour(2003)
Chiroptera,Vespertilionidae,Myotislucifugus,6.5,0.052,,,Lovegrove(2000)
Chiroptera,Vespertilionidae,Myotisnigricans,3.7,0.027,3.7,0.027,Lovegrove(2000)
Chiroptera,Vespertilionidae,Myotisvelifer,11.89,0.04,11.9,0.04,Heusner(1991)
Chiroptera,Vespertilionidae,Myotisvivesi,25,0.199,25,0.199,Lovegrove(2000)
Chiroptera,Vespertilionidae,Myotisyumanensis,5,0.047,5,0.047,Lovegrove(2000)
Chiroptera,Vespertilionidae,Nyctophilusgeoffroyi,8,0.062,8,0.062,White&Seymour(2003)
Chiroptera,Vespertilionidae,Plecotusauritus,10.25,0.082,10.2,0.082,White&Seymour(2003)
Dasyuromorpha,Caluromyidae,Caluromysderbianus,329,1.255,342.7,1.194,White&Seymour(2003)
Dasyuromorpha,Caluromyidae,Caluromysderbianus,357,1.135,,,Lovegrove(2000)
Dasyuromorpha,Dasyuridae,Antechinusflavipes,46.5,0.252,46.5,0.252,White&Seymour(2003)
Dasyuromorpha,Dasyuridae,Antechinusstuartii,22.1,0.19,25,0.189,Heusner(1991)
Dasyuromorpha,Dasyuridae,Antechinusstuartii,28.2,0.189,,,White&Seymour(2003)
Dasyuromorpha,Dasyuridae,Antechinusswainsonii,66.9,0.351,66.9,0.351,White&Seymour(2003)
Dasyuromorpha,Dasyuridae,Dasycercusbyrnei,89,0.44,100,0.439,Heusner(1991)
Dasyuromorpha,Dasyuridae,Dasycercusbyrnei,91.7,0.4,,,White&Seymour(2003)
Dasyuromorpha,Dasyuridae,Dasycercusbyrnei,103.5,0.456,,,Lovegrove(2000)
Dasyuromorpha,Dasyuridae,Dasycercusbyrnei,118.2,0.462,,,Lovegrove(2003)
Dasyuromorpha,Dasyuridae,Dasycercuscristicauda,86,0.24,91,0.26,Lovegrove(2003)
Dasyuromorpha,Dasyuridae,Dasycercuscristicauda,88.8,0.26,,,Heusner(1991)
Dasyuromorpha,Dasyuridae,Dasycercuscristicauda,89,0.258,,,Lovegrove(2000)
Dasyuromorpha,Dasyuridae,Dasycercuscristicauda,101,0.285,,,White&Seymour(2003)
Dasyuromorpha,Dasyuridae,Dasyurusgeoffroii,1300,2.82,1326.7,2.991,Heusner(1991)
Dasyuromorpha,Dasyuridae,Dasyurusgeoffroii,1354,3.172,,,Lovegrove(2000)
Dasyuromorpha,Dasyuridae,Dasyurushallucatus,558,1.356,571,1.501,White&Seymour(2003)
Dasyuromorpha,Dasyuridae,Dasyurushallucatus,584.4,1.663,,,Lovegrove(2003)
Dasyuromorpha,Dasyuridae,Dasyurusmaculatus,1782,3.01,1782,3.142,Heusner(1991)
Dasyuromorpha,Dasyuridae,Dasyurusmaculatus,1782,3.281,,,White&Seymour(2003)
Dasyuromorpha,Dasyuridae,Dasyurusviverrinus,909.9,2.31,945.3,2.26,Heusner(1991)
Dasyuromorpha,Dasyuridae,Dasyurusviverrinus,982,2.21,,,White&Seymour(2003)
Dasyuromorpha,Dasyuridae,Ningauiyvonnae,11.6,0.088,11.6,0.088,White&Seymour(2003)
Dasyuromorpha,Dasyuridae,Phascogaletapoatafa,147,0.664,153.7,0.694,Lovegrove(2000)
Dasyuromorpha,Dasyuridae,Phascogaletapoatafa,157,0.71,,,White&Seymour(2003)
Dasyuromorpha,Dasyuridae,Phascogaletapoatafa,157.2,0.71,,,Lovegrove(2003)
Dasyuromorpha,Dasyuridae,Planigalegilesi,8.9,0.071,9.1,0.058,Lovegrove(2000)
Dasyuromorpha,Dasyuridae,Planigalegilesi,9.1,0.039,,,White&Seymour(2003)
Dasyuromorpha,Dasyuridae,Planigalegilesi,9.4,0.07,,,Heusner(1991)
Dasyuromorpha,Dasyuridae,Planigaleingrami,7.1,0.063,8.8,0.065,White&Seymour(2003)
Dasyuromorpha,Dasyuridae,Planigaleingrami,10.8,0.067,,,White&Seymour(2003)
Dasyuromorpha,Dasyuridae,Planigalemaculata,8.5,0.06,10.6,0.067,Heusner(1991)
Dasyuromorpha,Dasyuridae,Planigalemaculata,13.1,0.074,,,Lovegrove(2000)
Dasyuromorpha,Dasyuridae,Planigaletenuirostris,7.1,0.063,7.1,0.063,White&Seymour(2003)
Dasyuromorpha,Dasyuridae,Pseudantechinusmacdonnellensis,43.1,0.152,43.1,0.152,White&Seymour(2003)
Dasyuromorpha,Dasyuridae,Sarcophiluslaniarius,5775,7.394,6126.8,8.664,White&Seymour(2003)
Dasyuromorpha,Dasyuridae,Sarcophiluslaniarius,6500,10.153,,,Lovegrove(2000)
Dasyuromorpha,Dasyuridae,Sminthopsiscrassicaudata,14.1,0.11,16,0.121,Heusner(1991)
Dasyuromorpha,Dasyuridae,Sminthopsiscrassicaudata,15.9,0.114,,,Lovegrove(2000)
Dasyuromorpha,Dasyuridae,Sminthopsiscrassicaudata,16.4,0.14,,,White&Seymour(2003)
Dasyuromorpha,Dasyuridae,Sminthopsiscrassicaudata,17.7,0.123,,,Lovegrove(2003)
Dasyuromorpha,Dasyuridae,Sminthopsislaniger,24.2,0.132,25.8,0.141,White&Seymour(2003)
Dasyuromorpha,Dasyuridae,Sminthopsislaniger,25.8,0.141,,,White&Seymour(2003)
Dasyuromorpha,Dasyuridae,Sminthopsislaniger,27.4,0.15,,,Lovegrove(2003)
Dasyuromorpha,Dasyuridae,Sminthopsismacroura,19.35,0.126,20.6,0.128,White&Seymour(2003)
Dasyuromorpha,Dasyuridae,Sminthopsismacroura,22,0.131,,,Lovegrove(2000)
Dasyuromorpha,Dasyuridae,Sminthopsismurina,12.9,0.114,15.7,0.117,Lovegrove(2000)
Dasyuromorpha,Dasyuridae,Sminthopsismurina,19,0.12,,,White&Seymour(2003)
Dasyuromorpha,Didelphidae,Chironectesminimus,935,2.549,940.5,2.793,White&Seymour(2003)
Dasyuromorpha,Didelphidae,Chironectesminimus,946,3.061,,,Lovegrove(2000)
Dasyuromorpha,Didelphidae,Didelphismarsupialis,1165,3.185,1244.3,3.31,White&Seymour(2003)
Dasyuromorpha,Didelphidae,Didelphismarsupialis,1329,3.44,,,Heusner(1991)
Dasyuromorpha,Didelphidae,Didelphisvirginiana,2488,4.641,2846.6,5.299,White&Seymour(2003)
Dasyuromorpha,Didelphidae,Didelphisvirginiana,3257,6.05,,,Heusner(1991)
Dasyuromorpha,Didelphidae,Lutreolinacrassicaudata,812,2.265,812,2.265,White&Seymour(2003)
Dasyuromorpha,Didelphidae,Philanderopossum,751,1.886,751,1.886,White&Seymour(2003)
Dasyuromorpha,Marmosidae,Gracilinanusmicrotarsus,13,0.106,13,0.106,White&Seymour(2003)
Dasyuromorpha,Marmosidae,Marmosarobinsoni,122,0.547,122,0.547,White&Seymour(2003)
Dasyuromorpha,Marmosidae,Metachirusnudicaudatus,336,1.144,336,1.144,White&Seymour(2003)
Dasyuromorpha,Marmosidae,Monodelphisbrevicaudata,75.5,0.318,91.5,0.366,White&Seymour(2003)
Dasyuromorpha,Marmosidae,Monodelphisbrevicaudata,111,0.421,,,Lovegrove(2000)
Dasyuromorpha,Marmosidae,Monodelphisdomestica,104,0.335,104,0.335,White&Seymour(2003)
Dasyuromorpha,Myrmecobiidae,Myrmecobiusfasciatus,400,0.794,438.2,0.907,White&Seymour(2003)
Dasyuromorpha,Myrmecobiidae,Myrmecobiusfasciatus,480,1.036,,,Lovegrove(2003)
Diprotodontia,Acrobatidae,Acrobatespygmaeus,14,0.084,14,0.084,White&Seymour(2003)
Diprotodontia,Burramyidae,Burramysparvus,44.3,0.205,44.3,0.205,White&Seymour(2003)
Diprotodontia,Burramyidae,Cercartetuslepidus,12.6,0.105,12.6,0.105,White&Seymour(2003)
Diprotodontia,Burramyidae,Cercartetusnanus,60,0.288,64.8,0.311,Lovegrove(2000)
Diprotodontia,Burramyidae,Cercartetusnanus,70,0.336,,,White&Seymour(2003)
Diprotodontia,Macropodidae,Dendrolagusmatschiei,6960,7.96,6960,7.96,White&Seymour(2003)
Diprotodontia,Macropodidae,Lagorchestesconspicillatus,2660,4.749,2660,4.749,White&Seymour(2003)
Diprotodontia,Macropodidae,Macropuseugenii,4796,7.78,4796,7.78,Heusner(1991)
Diprotodontia,Macropodidae,Macropusrobustus,29300,31.71,29647.9,33.056,White&Seymour(2003)
Diprotodontia,Macropodidae,Macropusrobustus,30000,34.46,,,Heusner(1991)
Diprotodontia,Macropodidae,Macropusrufus,25000,30.13,28500,31.353,Heusner(1991)
Diprotodontia,Macropodidae,Macropusrufus,32490,32.625,,,White&Seymour(2003)
Diprotodontia,Macropodidae,Setonixbrachyurus,2510,4.52,2702.3,4.695,Heusner(1991)
Diprotodontia,Macropodidae,Setonixbrachyurus,2674,4.654,,,White&Seymour(2003)
Diprotodontia,Macropodidae,Setonixbrachyurus,2940,4.92,,,Lovegrove(2000)
Diprotodontia,Petauridae,Gymnobelideusleadbeateri,166,0.574,166,0.574,White&Seymour(2003)
Diprotodontia,Petauridae,Petaurusbreviceps,127,0.502,129.3,0.517,White&Seymour(2003)
Diprotodontia,Petauridae,Petaurusbreviceps,128.1,0.5,,,Heusner(1991)
Diprotodontia,Petauridae,Petaurusbreviceps,130,0.522,,,Lovegrove(2000)
Diprotodontia,Petauridae,Petaurusbreviceps,132.2,0.546,,,Lovegrove(2003)
Diprotodontia,Phalangeridae,Spilocuscusmaculatus,4250,6.164,4250,6.27,Lovegrove(2000)
Diprotodontia,Phalangeridae,Spilocuscusmaculatus,4250,6.378,,,White&Seymour(2003)
Diprotodontia,Phalangeridae,Trichosurusvulpecula,1982,3.538,1993.5,3.8,Lovegrove(2000)
Diprotodontia,Phalangeridae,Trichosurusvulpecula,2005,4.081,,,White&Seymour(2003)
Diprotodontia,Phascolarctidae,Phascolarctoscinereus,4700,5.72,4732.4,5.744,Heusner(1991)
Diprotodontia,Phascolarctidae,Phascolarctoscinereus,4765,5.768,,,White&Seymour(2003)
Diprotodontia,Potoroidae,Aepyprymnusrufescens,2820,5.978,2820,5.978,White&Seymour(2003)
Diprotodontia,Potoroidae,Bettongiagaimardi,1385,3.578,1385,3.578,White&Seymour(2003)
Diprotodontia,Potoroidae,Bettongiapenicillata,1018,3.132,1018,3.132,White&Seymour(2003)
Diprotodontia,Potoroidae,Potoroustridactylus,976,2.323,1045.5,2.556,White&Seymour(2003)
Diprotodontia,Potoroidae,Potoroustridactylus,1120,2.812,,,Lovegrove(2000)
Diprotodontia,Pseudocheiridae,Cercartetusconcinnus,18.6,0.125,18.6,0.125,Lovegrove(2000)
Diprotodontia,Pseudocheiridae,Petauroidesvolans,1140,3.18,1140.5,3.191,Lovegrove(2000)
Diprotodontia,Pseudocheiridae,Petauroidesvolans,1141,3.202,,,White&Seymour(2003)
Diprotodontia,Pseudocheiridae,Pseudocheirusperegrinus,828,2.21,859.3,2.27,Heusner(1991)
Diprotodontia,Pseudocheiridae,Pseudocheirusperegrinus,835,2.194,,,Lovegrove(2003)
Diprotodontia,Pseudocheiridae,Pseudocheirusperegrinus,861,2.282,,,White&Seymour(2003)
Diprotodontia,Pseudocheiridae,Pseudocheirusperegrinus,916,2.402,,,White&Seymour(2003)
Diprotodontia,Tarsipedidae,Tarsipesrostratus,10,0.162,10,0.162,White&Seymour(2003)
Diprotodontia,Vombatidae,Lasiorhinuslatifrons,25000,15.341,27348.2,16.001,Lovegrove(2000)
Diprotodontia,Vombatidae,Lasiorhinuslatifrons,29917,16.69,,,White&Seymour(2003)
Hyracoidea,Procaviidae,Dendrohyraxdorsalis,2210,4.19,2210,4.19,White&Seymour(2003)
Hyracoidea,Procaviidae,Heterohyraxbrucei,1287,3.733,1604.4,3.872,Lovegrove(2000)
Hyracoidea,Procaviidae,Heterohyraxbrucei,2000,4.017,,,White&Seymour(2003)
Hyracoidea,Procaviidae,Procaviacapensis,2250,5.021,2458,4.954,White&Seymour(2003)
Hyracoidea,Procaviidae,Procaviacapensis,2400,3.682,,,White&Seymour(2003)
Hyracoidea,Procaviidae,Procaviacapensis,2750,6.577,,,White&Seymour(2003)
Insectivora,Chrysochloridae,Amblysomushottentotus,70,0.473,70,0.473,White&Seymour(2003)
Insectivora,Chrysochloridae,Chrysochlorisasiatica,33,0.22,36.7,0.243,Heusner(1991)
Insectivora,Chrysochloridae,Chrysochlorisasiatica,34,0.228,,,Lovegrove(2000)
Insectivora,Chrysochloridae,Chrysochlorisasiatica,44,0.287,,,White&Seymour(2003)
Insectivora,Chrysochloridae,Eremitalpagranti,20,0.056,22.8,0.069,White&Seymour(2003)
Insectivora,Chrysochloridae,Eremitalpagranti,26.1,0.086,,,Lovegrove(2000)
Insectivora,Erinaceidae,Atelerixalbiventris,450,0.828,450,0.828,White&Seymour(2003)
Insectivora,Erinaceidae,Echinosorexgymnura,721.2,2.816,721.2,2.816,White&Seymour(2003)
Insectivora,Erinaceidae,Erinaceusconcolor,822.7,1.937,822.7,1.937,White&Seymour(2003)
Insectivora,Erinaceidae,Erinaceuseuropaeus,750,1.883,1213.5,2.434,White&Seymour(2003)
Insectivora,Erinaceidae,Erinaceuseuropaeus,1191.2,2.632,,,Lovegrove(2000)
Insectivora,Erinaceidae,Erinaceuseuropaeus,2000,2.91,,,Heusner(1991)
Insectivora,Erinaceidae,Hemiechinusaethiopicus,450,0.628,451.5,0.63,White&Seymour(2003)
Insectivora,Erinaceidae,Hemiechinusaethiopicus,453,0.632,,,Lovegrove(2000)
Insectivora,Erinaceidae,Hemiechinusauritus,397,0.842,398.5,0.845,Lovegrove(2000)
Insectivora,Erinaceidae,Hemiechinusauritus,400,0.848,,,White&Seymour(2003)
Insectivora,Erinaceidae,Hylomyssuillus,57.8,0.335,57.8,0.335,White&Seymour(2003)
Insectivora,Soricidae,Blarinabrevicauda,20.4,0.331,20.9,0.344,Lovegrove(2000)
Insectivora,Soricidae,Blarinabrevicauda,20.5,0.366,,,White&Seymour(2003)
Insectivora,Soricidae,Blarinabrevicauda,20.7,0.29,,,Heusner(1991)
Insectivora,Soricidae,Blarinabrevicauda,22.1,0.397,,,Lovegrove(2003)
Insectivora,Soricidae,Blarinacarolinensis,10.2,0.188,10.2,0.188,White&Seymour(2003)
Insectivora,Soricidae,Crociduracrossei,9.5,0.117,9.8,0.121,Lovegrove(2003)
Insectivora,Soricidae,Crociduracrossei,10.2,0.125,,,White&Seymour(2003)
Insectivora,Soricidae,Crociduraflavescens,33.2,0.248,33.2,0.248,White&Seymour(2003)
Insectivora,Soricidae,Crocidurahildegardeae,10,0.145,10.7,0.156,White&Seymour(2003)
Insectivora,Soricidae,Crocidurahildegardeae,11.5,0.167,,,Lovegrove(2000)
Insectivora,Soricidae,Crociduraleucodon,11.7,0.166,11.7,0.166,Lovegrove(2003)
Insectivora,Soricidae,Crociduraluna,11.8,0.138,12.3,0.144,White&Seymour(2003)
Insectivora,Soricidae,Crociduraluna,12.8,0.15,,,Lovegrove(2000)
Insectivora,Soricidae,Crociduraolivieri,38.3,0.32,38.6,0.323,Lovegrove(2000)
Insectivora,Soricidae,Crociduraolivieri,38.9,0.326,,,White&Seymour(2003)
Insectivora,Soricidae,Crocidurapoensis,16.9,0.17,17.1,0.172,Lovegrove(2000)
Insectivora,Soricidae,Crocidurapoensis,17.3,0.173,,,White&Seymour(2003)
Insectivora,Soricidae,Crocidurarussula,9.6,0.131,10.8,0.143,Lovegrove(2003)
Insectivora,Soricidae,Crocidurarussula,10.1,0.166,,,Lovegrove(2000)
Insectivora,Soricidae,Crocidurarussula,10.4,0.128,,,White&Seymour(2003)
Insectivora,Soricidae,Crocidurarussula,13.7,0.15,,,Heusner(1991)
Insectivora,Soricidae,Crocidurasuaveolens,6.5,0.105,6.9,0.112,White&Seymour(2003)
Insectivora,Soricidae,Crocidurasuaveolens,6.8,0.11,,,Lovegrove(2003)
Insectivora,Soricidae,Crocidurasuaveolens,7.5,0.12,,,Heusner(1991)
Insectivora,Soricidae,Crociduraviaria,14.7,0.123,15,0.126,White&Seymour(2003)
Insectivora,Soricidae,Crociduraviaria,15.3,0.128,,,Lovegrove(2000)
Insectivora,Soricidae,Cryptotisparva,6.2,0.107,6.3,0.164,White&Seymour(2003)
Insectivora,Soricidae,Cryptotisparva,6.4,0.25,,,Lovegrove(2000)
Insectivora,Soricidae,Neomysanomalus,13.1,0.373,13.1,0.373,White&Seymour(2003)
Insectivora,Soricidae,Neomysfodiens,14.1,0.373,16,0.328,Lovegrove(2000)
Insectivora,Soricidae,Neomysfodiens,17.1,0.31,,,Heusner(1991)
Insectivora,Soricidae,Neomysfodiens,17.1,0.305,,,White&Seymour(2003)
Insectivora,Soricidae,Notiosorexcrawfordi,4,0.074,4,0.074,White&Seymour(2003)
Insectivora,Soricidae,Sorexalpinus,7.8,0.265,7.8,0.267,Lovegrove(2000)
Insectivora,Soricidae,Sorexalpinus,7.9,0.269,,,White&Seymour(2003)
Insectivora,Soricidae,Sorexaraneus,8.05,0.336,8.4,0.348,White&Seymour(2003)
Insectivora,Soricidae,Sorexaraneus,8.7,0.361,,,Lovegrove(2003)
Insectivora,Soricidae,Sorexcinereus,3.5,0.176,5.2,0.238,White&Seymour(2003)
Insectivora,Soricidae,Sorexcinereus,5,0.249,,,Lovegrove(2000)
Insectivora,Soricidae,Sorexcinereus,7.9,0.31,,,Heusner(1991)
Insectivora,Soricidae,Sorexcoronatus,9.1,0.29,9.1,0.29,White&Seymour(2003)
Insectivora,Soricidae,Sorexminutus,3.8,0.182,4.1,0.179,Lovegrove(2003)
Insectivora,Soricidae,Sorexminutus,4,0.172,,,White&Seymour(2003)
Insectivora,Soricidae,Sorexminutus,4.2,0.183,,,Lovegrove(2000)
Insectivora,Soricidae,Sorexminutus,4.6,0.18,,,Heusner(1991)
Insectivora,Soricidae,Sorexornatus,9.7,0.292,9.7,0.292,White&Seymour(2003)
Insectivora,Soricidae,Sorexvagrans,5.2,0.157,5.2,0.157,White&Seymour(2003)
Insectivora,Soricidae,Suncusetruscus,2.4,0.08,2.4,0.063,White&Seymour(2003)
Insectivora,Soricidae,Suncusetruscus,2.5,0.05,,,Heusner(1991)
Insectivora,Soricidae,Suncusmurinus,30.2,0.332,39.7,0.403,White&Seymour(2003)
Insectivora,Soricidae,Suncusmurinus,52.3,0.49,,,Heusner(1991)
Insectivora,Talpidae,Condyluracristata,49,0.615,49,0.615,White&Seymour(2003)
Insectivora,Talpidae,Neurotrichusgibbsii,11.8,0.259,11.8,0.259,White&Seymour(2003)
Insectivora,Talpidae,Scalopusaquaticus,48,0.378,48,0.378,White&Seymour(2003)
Insectivora,Talpidae,Scapanuslatimanus,61,0.425,61,0.425,White&Seymour(2003)
Insectivora,Talpidae,Scapanusorarius,61.2,0.358,61.2,0.358,White&Seymour(2003)
Insectivora,Talpidae,Scapanustownsendii,130.1,0.607,130.1,0.607,Lovegrove(2000)
Insectivora,Tenrecidae,Echinopstelfairi,116.4,0.75,116.4,0.75,Heusner(1991)
Insectivora,Tenrecidae,Geogaleaurita,6.9,0.043,6.9,0.043,White&Seymour(2003)
Insectivora,Tenrecidae,Hemicentetessemispinosus,101.9,0.404,116.4,0.38,White&Seymour(2003)
Insectivora,Tenrecidae,Hemicentetessemispinosus,133,0.358,,,White&Seymour(2003)
Insectivora,Tenrecidae,Limnogalemergulus,77.7,0.312,77.7,0.355,White&Seymour(2003)
Insectivora,Tenrecidae,Limnogalemergulus,77.7,0.404,,,Lovegrove(2000)
Insectivora,Tenrecidae,Microgalecowani,12.2,0.179,12.2,0.179,White&Seymour(2003)
Insectivora,Tenrecidae,Microgaledobsoni,44.6,0.315,44.6,0.315,White&Seymour(2003)
Insectivora,Tenrecidae,Microgaletalazaci,44,0.243,44,0.243,White&Seymour(2003)
Insectivora,Tenrecidae,Setifersetosus,345,0.483,427.6,0.573,Lovegrove(2000)
Insectivora,Tenrecidae,Setifersetosus,530,0.68,,,White&Seymour(2003)
Insectivora,Tenrecidae,Tenrececaudatus,650,0.729,650,0.729,White&Seymour(2003)
Lagomorpha,Leporidae,Brachylagusidahoensis,432,2.145,432,2.145,Lovegrove(2003)
Lagomorpha,Leporidae,Lepusalleni,3000,9.205,3200.4,9.22,White&Seymour(2003)
Lagomorpha,Leporidae,Lepusalleni,3250,9.972,,,Lovegrove(2000)
Lagomorpha,Leporidae,Lepusalleni,3362,8.54,,,Heusner(1991)
Lagomorpha,Leporidae,Lepusamericanus,1380,5.235,1603.4,6.708,Hart(1971)
Lagomorpha,Leporidae,Lepusamericanus,1480,6.605,,,Hart(1971)
Lagomorpha,Leporidae,Lepusamericanus,1562.8,6.975,,,Lovegrove(2000)
Lagomorpha,Leporidae,Lepusamericanus,1581,8.468,,,White&Seymour(2003)
Lagomorpha,Leporidae,Lepusamericanus,2100,6.65,,,Heusner(1991)
Lagomorpha,Leporidae,Lepusarcticus,3004.4,6.036,3004.4,6.036,White&Seymour(2003)
Lagomorpha,Leporidae,Lepuscalifornicus,2300,7.314,2300,7.314,White&Seymour(2003)
Lagomorpha,Leporidae,Lepustimidus,3004,6.033,3014.5,8.443,Lovegrove(2000)
Lagomorpha,Leporidae,Lepustimidus,3025,11.815,,,White&Seymour(2003)
Lagomorpha,Leporidae,Lepustownsendii,2430,7.051,2523.2,7.698,White&Seymour(2003)
Lagomorpha,Leporidae,Lepustownsendii,2620,8.404,,,Lovegrove(2000)
Lagomorpha,Leporidae,Oryctolaguscuniculus,2000,6.36,2167.9,7.395,White&Seymour(2003)
Lagomorpha,Leporidae,Oryctolaguscuniculus,2350,8.6,,,Heusner(1991)
Lagomorpha,Leporidae,Sylvilagusaudubonii,672.4,2.443,686.9,2.506,White&Seymour(2003)
Lagomorpha,Leporidae,Sylvilagusaudubonii,701.7,2.57,,,Heusner(1991)
Lagomorpha,Ochotonidae,Ochotonadauurica,127.7,1.389,127.7,1.389,White&Seymour(2003)
Lagomorpha,Ochotonidae,Ochotonaprinceps,109,0.932,109,0.932,White&Seymour(2003)
Macroscelidae,Macroscelididae,Elephantulusbrachyrhynchus,45.3,0.244,45.3,0.244,White&Seymour(2003)
Macroscelidae,Macroscelididae,Elephantulusedwardii,49.8,0.303,49.9,0.303,Lovegrove(2000)
Macroscelidae,Macroscelididae,Elephantulusedwardii,50,0.304,,,White&Seymour(2003)
Macroscelidae,Macroscelididae,Elephantulusintufi,46.49,0.29,46.5,0.29,White&Seymour(2003)
Macroscelidae,Macroscelididae,Elephantulusmyurus,61,0.358,63,0.387,Lovegrove(2003)
Macroscelidae,Macroscelididae,Elephantulusmyurus,62.97,0.37,,,White&Seymour(2003)
Macroscelidae,Macroscelididae,Elephantulusmyurus,65.2,0.436,,,Lovegrove(2000)
Macroscelidae,Macroscelididae,Elephantulusrozeti,45.31,0.267,49,0.288,White&Seymour(2003)
Macroscelidae,Macroscelididae,Elephantulusrozeti,53,0.312,,,Lovegrove(2003)
Macroscelidae,Macroscelididae,Elephantulusrufescens,53,0.317,53,0.317,White&Seymour(2003)
Macroscelidae,Macroscelididae,Macroscelidesproboscideus,39,0.292,39,0.292,White&Seymour(2003)
Macroscelidae,Macroscelididae,Petrodromustetradactylus,206.1,1.001,208,0.852,Lovegrove(2003)
Macroscelidae,Macroscelididae,Petrodromustetradactylus,208,0.859,,,Lovegrove(2000)
Macroscelidae,Macroscelididae,Petrodromustetradactylus,210,0.72,,,Heusner(1991)
Monotremata,Ornithorhynchidae,Ornithorhynchusanatinus,693,1.082,1030.3,1.931,White&Seymour(2003)
Monotremata,Ornithorhynchidae,Ornithorhynchusanatinus,1200,2.5,,,Heusner(1991)
Monotremata,Ornithorynchidae,Ornithorhynchusanatinus,1315,2.663,,,Lovegrove(2000)
Monotremata,Tachyglossidae,Tachyglossusaculeatus,2140,1.564,2909,2.327,Lovegrove(2000)
Monotremata,Tachyglossidae,Tachyglossusaculeatus,2725,2.404,,,White&Seymour(2003)
Monotremata,Tachyglossidae,Tachyglossusaculeatus,3430,2.55,,,Heusner(1991)
Monotremata,Tachyglossidae,Tachyglossusaculeatus,3580,3.056,,,Lovegrove(2000)
Monotremata,Tachyglossidae,Zaglossusbruijni,10300,6.778,11848.6,6.493,White&Seymour(2003)
Monotremata,Tachyglossidae,Zaglossusbruijni,13630,6.22,,,Heusner(1991)
Notoryctomorphia,Notoryctidae,Notoryctescaurinus,34,0.119,34,0.119,White&Seymour(2003)
Peramelemorphia,Peramelidae,Isoodonauratus,428,0.837,428,0.837,White&Seymour(2003)
Peramelemorphia,Peramelidae,Isoodonmacrourus,1551,3.202,1551,3.202,White&Seymour(2003)
Peramelemorphia,Peramelidae,Isoodonobesulus,717,1.238,717,1.238,White&Seymour(2003)
Peramelemorphia,Peramelidae,Macrotislagotis,1011,1.974,1245.5,2.4,Lovegrove(2000)
Peramelemorphia,Peramelidae,Macrotislagotis,1294,2.51,,,White&Seymour(2003)
Peramelemorphia,Peramelidae,Macrotislagotis,1477,2.79,,,Heusner(1991)
Peramelemorphia,Peramelidae,Peramelesgunnii,837,2.343,837,2.343,White&Seymour(2003)
Peramelemorphia,Peramelidae,Peramelesnasuta,645,1.763,645,1.763,White&Seymour(2003)
Peramelemorphia,Peroryctidae,Echymiperarufescens,616,1.685,886.6,2.255,White&Seymour(2003)
Peramelemorphia,Peroryctidae,Echymiperarufescens,1276,3.018,,,White&Seymour(2003)
Peramelemorphia,Peroryctidae,Peramelesgunnii,695,1.902,695,1.902,White&Seymour(2003)
Perissodactyla,Equidae,Equusasinus,177500,164.92,177500,164.92,Heusner(1991)
Pholidota,Manidae,Maniscrassicaudata,15910,6.923,15910,6.923,White&Seymour(2003)
Pholidota,Manidae,Manisjavanica,4220,6.23,4220,6.23,Heusner(1991)
Pholidota,Manidae,Manispentadactyla,3637.5,3.727,3637.5,3.727,White&Seymour(2003)
Pholidota,Manidae,Manistetradactyla,1430,1.278,1430,1.278,White&Seymour(2003)
Pholidota,Manidae,Manistricuspis,1365,1.54,1930.4,2.67,White&Seymour(2003)
Pholidota,Manidae,Manistricuspis,2730,4.63,,,Heusner(1991)
Primates,Callitrichidae,Callithrixjacchus,190,0.848,190,0.848,White&Seymour(2003)
Primates,Callitrichidae,Callithrixpygmaea,105,0.55,110.7,0.599,Heusner(1991)
Primates,Callitrichidae,Callithrixpygmaea,116.8,0.653,,,White&Seymour(2003)
Primates,Callitrichidae,Saguinusgeoffroyi,225,1.305,225,1.305,White&Seymour(2003)
Primates,Cebidae,Alouattapalliata,4670,11.464,4670,11.464,White&Seymour(2003)
Primates,Cebidae,Aotustrivirgatus,820,2.466,914.5,2.499,White&Seymour(2003)
Primates,Cebidae,Aotustrivirgatus,1020,2.532,,,Lovegrove(2000)
Primates,Cebidae,Saimirisciureus,800,4.39,836.7,4.429,Heusner(1991)
Primates,Cebidae,Saimirisciureus,875,4.468,,,White&Seymour(2003)
Primates,Cercopithecidae,Cercopithecusmitis,8500,18.923,8648.7,19.276,White&Seymour(2003)
Primates,Cercopithecidae,Cercopithecusmitis,8800,19.637,,,Lovegrove(2000)
Primates,Cercopithecidae,Colobusguereza,10450,16.613,10623.6,17.037,White&Seymour(2003)
Primates,Cercopithecidae,Colobusguereza,10800,17.472,,,Lovegrove(2000)
Primates,Cercopithecidae,Erythrocebuspatas,3000,5.958,3000,5.958,White&Seymour(2003)
Primates,Cercopithecidae,Papiohamadryas,9500,15.497,12670.8,21.095,White&Seymour(2003)
Primates,Cercopithecidae,Papiohamadryas,16900,28.713,,,White&Seymour(2003)
Primates,Cheirogaleidae,Cheirogaleusmedius,300,1.088,300,1.088,White&Seymour(2003)
Primates,Hominidae,Homosapienssapiens,70000,82.78,70000,82.78,Heusner(1991)
Primates,Indriidae,Propithecusverreauxi,3350,3.738,3350,3.738,White&Seymour(2003)
Primates,Lemuridae,Eulemurfulvus,2330,4.162,2374.1,4.239,White&Seymour(2003)
Primates,Lemuridae,Eulemurfulvus,2419,4.318,,,Lovegrove(2000)
Primates,Lorisidae,Arctocebuscalabarensis,206,0.731,206,0.731,White&Seymour(2003)
Primates,Lorisidae,Euoticuselegantulus,261.5,1.205,261.5,1.205,White&Seymour(2003)
Primates,Lorisidae,Galagomoholi,170,0.285,170,0.285,White&Seymour(2003)
Primates,Lorisidae,Galagosenegalensis,171.5,0.764,171.5,0.764,White&Seymour(2003)
Primates,Lorisidae,Galagoidesdemidoff,61,0.42,62.4,0.372,Heusner(1991)
Primates,Lorisidae,Galagoidesdemidoff,63.8,0.329,,,White&Seymour(2003)
Primates,Lorisidae,Loristardigradus,284,0.714,284,0.714,White&Seymour(2003)
Primates,Lorisidae,Nycticebuscoucang,953.3,1.292,1128.6,1.504,Lovegrove(2000)
Primates,Lorisidae,Nycticebuscoucang,1160,1.523,,,White&Seymour(2003)
Primates,Lorisidae,Nycticebuscoucang,1300,1.73,,,Heusner(1991)
Primates,Lorisidae,Otolemurcrassicaudatus,950,2.298,993.5,2.595,White&Seymour(2003)
Primates,Lorisidae,Otolemurcrassicaudatus,1039,2.93,,,Heusner(1991)
Primates,Lorisidae,Otolemurgarnettii,1314,3.927,1314,3.927,White&Seymour(2003)
Primates,Lorisidae,Perodicticuspotto,932.5,1.94,968.6,1.942,Lovegrove(2000)
Primates,Lorisidae,Perodicticuspotto,964,1.824,,,White&Seymour(2003)
Primates,Lorisidae,Perodicticuspotto,1011,2.07,,,Heusner(1991)
Primates,Tarsiidae,Tarsiusspectrum,173,0.831,173,0.831,White&Seymour(2003)
Primates,Tarsiidae,Tarsiussyrichta,113,0.43,113,0.43,White&Seymour(2003)
Proboscidea,Elphantidae,Elephasmaximus,3672000,2336.5,3672000,2336.5,Heusner(1991)
Rodentia,Agoutidae,Agoutipaca,9156,15.323,9156,15.323,White&Seymour(2003)
Rodentia,Aplodontidae,Aplodontiarufa,630,1.546,706.8,1.892,White&Seymour(2003)
Rodentia,Aplodontidae,Aplodontiarufa,793,2.314,,,Lovegrove(2000)
Rodentia,Bathyergidae,Bathyergusjanetta,406,1.201,406,1.201,White&Seymour(2003)
Rodentia,Bathyergidae,Bathyergussuillus,620,1.695,664.4,1.798,White&Seymour(2003)
Rodentia,Bathyergidae,Bathyergussuillus,712,1.907,,,Lovegrove(2000)
Rodentia,Bathyergidae,Cryptomysbocagei,94,0.388,94,0.388,White&Seymour(2003)
Rodentia,Bathyergidae,Cryptomysdamarensis,125,0.397,131.3,0.418,Lovegrove(2000)
Rodentia,Bathyergidae,Cryptomysdamarensis,138,0.439,,,White&Seymour(2003)
Rodentia,Bathyergidae,Cryptomyshottentotus,60,0.328,78.9,0.35,Lovegrove(2000)
Rodentia,Bathyergidae,Cryptomyshottentotus,71,0.38,,,Heusner(1991)
Rodentia,Bathyergidae,Cryptomyshottentotus,75,0.377,,,White&Seymour(2003)
Rodentia,Bathyergidae,Cryptomyshottentotus,77,0.271,,,Lovegrove(2000)
Rodentia,Bathyergidae,Cryptomyshottentotus,79.5,0.31,,,White&Seymour(2003)
Rodentia,Bathyergidae,Cryptomyshottentotus,95,0.36,,,Lovegrove(2000)
Rodentia,Bathyergidae,Cryptomyshottentotus,102,0.455,,,White&Seymour(2003)
Rodentia,Bathyergidae,Cryptomysmechowi,267,0.894,269.5,0.902,White&Seymour(2003)
Rodentia,Bathyergidae,Cryptomysmechowi,272,0.91,,,Lovegrove(2000)
Rodentia,Bathyergidae,Georychuscapensis,191,0.629,193,0.637,Lovegrove(2000)
Rodentia,Bathyergidae,Georychuscapensis,195,0.645,,,White&Seymour(2003)
Rodentia,Bathyergidae,Heliophobiusargenteocinereus,88,0.42,88.5,0.43,Heusner(1991)
Rodentia,Bathyergidae,Heliophobiusargenteocinereus,89,0.44,,,Heusner(1991)
Rodentia,Bathyergidae,Heterocephalusglaber,32,0.114,35.3,0.128,White&Seymour(2003)
Rodentia,Bathyergidae,Heterocephalusglaber,39,0.144,,,Lovegrove(2000)
Rodentia,Capromyidae,Capromyspilorides,2630,3.375,2630,3.375,White&Seymour(2003)
Rodentia,Capromyidae,Geocapromysbrownii,2456,4.11,2456,4.11,White&Seymour(2003)
Rodentia,Capromyidae,Geocapromysingrahami,775,1.483,775,1.483,White&Seymour(2003)
Rodentia,Caviidae,Caviaporcellus,570,2.226,639.1,2.13,Hart(1971)
Rodentia,Caviidae,Caviaporcellus,629,1.93,,,White&Seymour(2003)
Rodentia,Caviidae,Caviaporcellus,728,2.25,,,Heusner(1991)
Rodentia,Caviidae,Dolichotissalinicola,1613,4.05,1613,4.05,White&Seymour(2003)
Rodentia,Caviidae,Galeamusteloides,322,1.473,322,1.473,White&Seymour(2003)
Rodentia,Caviidae,Kerodonrupestris,801,2.011,801,2.011,White&Seymour(2003)
Rodentia,Caviidae,Microcavianiata,255,0.98,255,0.98,White&Seymour(2003)
Rodentia,Chinchillidae,Chinchillalanigera,403,1.574,436.7,1.31,Lovegrove(2000)
Rodentia,Chinchillidae,Chinchillalanigera,426,1.117,,,White&Seymour(2003)
Rodentia,Chinchillidae,Chinchillalanigera,485,1.28,,,Heusner(1991)
Rodentia,Chinchillidae,Lagostomusmaximus,6784,10.597,6794,10.623,Lovegrove(2000)
Rodentia,Chinchillidae,Lagostomusmaximus,6804,10.65,,,Heusner(1991)
Rodentia,Ctenomyidae,Ctenomysaustralis,340,0.65,340,0.65,White&Seymour(2003)
Rodentia,Ctenomyidae,Ctenomysfulvus,300,1.054,300,1.054,White&Seymour(2003)
Rodentia,Ctenomyidae,Ctenomysmaulinus,215,1.044,215,1.044,White&Seymour(2003)
Rodentia,Ctenomyidae,Ctenomysperuanus,490,1.23,490,1.23,White&Seymour(2003)
Rodentia,Ctenomyidae,Ctenomystalarum,121,0.611,121,0.611,White&Seymour(2003)
Rodentia,Dasyproctidae,Dasyproctaazarae,3849,10.521,3849,10.521,White&Seymour(2003)
Rodentia,Dasyproctidae,Dasyproctaleporina,2687,8.694,2687,8.694,White&Seymour(2003)
Rodentia,Dasyproctidae,Myoproctaacouchy,914,2.804,914,2.804,White&Seymour(2003)
Rodentia,Dipodidae,Dipussagitta?,160,0.676,160,0.676,White&Seymour(2003)
Rodentia,Dipodidae,Jaculusjaculus,75,0.515,75,0.515,White&Seymour(2003)
Rodentia,Dipodidae,Jaculusorientalis,139,0.775,139,0.775,White&Seymour(2003)
Rodentia,Dipodidae,Napaeozapusinsignis,21.6,0.22,21.8,0.22,Heusner(1991)
Rodentia,Dipodidae,Napaeozapusinsignis,22,0.221,,,White&Seymour(2003)
Rodentia,Dipodidae,Sicistabetulina,10,0.179,10,0.179,White&Seymour(2003)
Rodentia,Dipodidae,Zapushudsonius,23.8,0.199,26.1,0.219,White&Seymour(2003)
Rodentia,Dipodidae,Zapushudsonius,25,0.209,,,Hart(1971)
Rodentia,Dipodidae,Zapushudsonius,30,0.251,,,Lovegrove(2000)
Rodentia,Echimyidae,Proechimyssemispinosus,498,1.75,498,1.75,White&Seymour(2003)
Rodentia,Echimyidae,Thrichomysapereoides,323,1.153,323,1.153,White&Seymour(2003)
Rodentia,Erethizontidae,Coendouprehensilis,3280,5.123,3280,5.123,White&Seymour(2003)
Rodentia,Erethizontidae,Erethizondorsatum,4290,11.966,6871,13.675,Hart(1971)
Rodentia,Erethizontidae,Erethizondorsatum,6790,13.76,,,Heusner(1991)
Rodentia,Erethizontidae,Erethizondorsatum,11136,15.531,,,White&Seymour(2003)
Rodentia,Geomyidae,Geomysbursarius,197,0.769,197,0.769,Bradley&Yousef(1975)
Rodentia,Geomyidae,Geomyspinetis,173,0.743,191.5,0.768,White&Seymour(2003)
Rodentia,Geomyidae,Geomyspinetis,200,0.792,,,Lovegrove(2000)
Rodentia,Geomyidae,Geomyspinetis,203,0.77,,,Heusner(1991)
Rodentia,Geomyidae,Thomomysbottae,143,0.67,143,0.67,White&Seymour(2003)
Rodentia,Geomyidae,Thomomystalpoides,82.6,0.55,97.6,0.679,Heusner(1991)
Rodentia,Geomyidae,Thomomystalpoides,105.5,0.719,,,Lovegrove(2000)
Rodentia,Geomyidae,Thomomystalpoides,106.8,0.792,,,White&Seymour(2003)
Rodentia,Geomyidae,Thomomysumbrinus,85,0.403,90,0.427,White&Seymour(2003)
Rodentia,Geomyidae,Thomomysumbrinus,95.3,0.452,,,Lovegrove(2000)
Rodentia,Heteromyidae,Chaetodipusbaileyi,29.1,0.192,29.1,0.192,White&Seymour(2003)
Rodentia,Heteromyidae,Chaetodipuscalifornicus,22,0.119,22,0.119,White&Seymour(2003)
Rodentia,Heteromyidae,Chaetodipusfallax,19.6,0.15,19.6,0.15,Hinds&MacMillen(1985)
Rodentia,Heteromyidae,Chaetodipusformosus,15.1,0.103,15.1,0.103,Lovegrove(2003)
Rodentia,Heteromyidae,Chaetodipushispidus,32,0.256,35.6,0.266,Lovegrove(2003)
Rodentia,Heteromyidae,Chaetodipushispidus,35.8,0.268,,,Lovegrove(2000)
Rodentia,Heteromyidae,Chaetodipushispidus,39.5,0.276,,,White&Seymour(2003)
Rodentia,Heteromyidae,Chaetodipusintermedius,14.6,0.087,15.9,0.106,Lovegrove(2000)
Rodentia,Heteromyidae,Chaetodipusintermedius,15,0.1,,,White&Seymour(2003)
Rodentia,Heteromyidae,Chaetodipusintermedius,18.3,0.136,,,Lovegrove(2003)
Rodentia,Heteromyidae,Chaetodipuspenicillatus,16,0.125,16,0.125,White&Seymour(2003)
Rodentia,Heteromyidae,Dipodomysagilis,60.6,0.355,60.6,0.355,White&Seymour(2003)
Rodentia,Heteromyidae,Dipodomysdeserti,104.7,0.541,105.8,0.517,Lovegrove(2003)
Rodentia,Heteromyidae,Dipodomysdeserti,104.9,0.524,,,Lovegrove(2000)
Rodentia,Heteromyidae,Dipodomysdeserti,106,0.514,,,White&Seymour(2003)
Rodentia,Heteromyidae,Dipodomysdeserti,107.5,0.49,,,Heusner(1991)
Rodentia,Heteromyidae,Dipodomysheermanni,63.3,0.408,63.3,0.408,White&Seymour(2003)
Rodentia,Heteromyidae,Dipodomysmerriami,35,0.234,37.6,0.246,Hart(1971)
Rodentia,Heteromyidae,Dipodomysmerriami,35.8,0.295,,,Lovegrove(2003)
Rodentia,Heteromyidae,Dipodomysmerriami,36.5,0.237,,,White&Seymour(2003)
Rodentia,Heteromyidae,Dipodomysmerriami,37.7,0.248,,,Lovegrove(2000)
Rodentia,Heteromyidae,Dipodomysmerriami,38,0.24,,,Hart(1971)
Rodentia,Heteromyidae,Dipodomysmerriami,43.4,0.23,,,Heusner(1991)
Rodentia,Heteromyidae,Dipodomysmicrops,51.5,0.305,54.6,0.335,Lovegrove(2003)
Rodentia,Heteromyidae,Dipodomysmicrops,54.2,0.33,,,Heusner(1991)
Rodentia,Heteromyidae,Dipodomysmicrops,55.7,0.336,,,Lovegrove(2000)
Rodentia,Heteromyidae,Dipodomysmicrops,57.2,0.373,,,White&Seymour(2003)
Rodentia,Heteromyidae,Dipodomysnitratoides,37.8,0.257,37.8,0.204,White&Seymour(2003)
Rodentia,Heteromyidae,Dipodomysnitratoides,37.8,0.162,,,Lovegrove(2003)
Rodentia,Heteromyidae,Dipodomysordii,46.8,0.358,47.8,0.339,White&Seymour(2003)
Rodentia,Heteromyidae,Dipodomysordii,48.8,0.32,,,Heusner(1991)
Rodentia,Heteromyidae,Dipodomyspanamintinus,56.9,0.38,60.4,0.397,Heusner(1991)
Rodentia,Heteromyidae,Dipodomyspanamintinus,64.2,0.414,,,White&Seymour(2003)
Rodentia,Heteromyidae,Heteromysanomalus,69.3,0.561,69.3,0.561,White&Seymour(2003)
Rodentia,Heteromyidae,Heteromysdesmarestianus,75.8,0.553,75.8,0.553,White&Seymour(2003)
Rodentia,Heteromyidae,Liomysirroratus,44.9,0.336,46.5,0.318,Lovegrove(2003)
Rodentia,Heteromyidae,Liomysirroratus,48.1,0.301,,,White&Seymour(2003)
Rodentia,Heteromyidae,Liomyssalvini,42.7,0.313,43.7,0.281,Lovegrove(2003)
Rodentia,Heteromyidae,Liomyssalvini,43.8,0.262,,,White&Seymour(2003)
Rodentia,Heteromyidae,Liomyssalvini,44.5,0.27,,,Lovegrove(2000)
Rodentia,Heteromyidae,Microdipodopsmegacephalus,11,0.168,11,0.168,White&Seymour(2003)
Rodentia,Heteromyidae,Microdipodopspallidus,15.2,0.11,15.2,0.11,Lovegrove(2000)
Rodentia,Heteromyidae,Perognathusflavus,8.3,0.097,8.3,0.097,White&Seymour(2003)
Rodentia,Heteromyidae,Perognathuslongimembris,8.2,0.07,8.5,0.061,Lovegrove(2000)
Rodentia,Heteromyidae,Perognathuslongimembris,8.9,0.053,,,White&Seymour(2003)
Rodentia,Heteromyidae,Perognathusparvus,19.2,0.16,19.2,0.16,Heusner(1991)
Rodentia,Hydrochaeridae,Hydrochaerishydrochaeris,26385,36.798,26385,36.798,White&Seymour(2003)
Rodentia,Hystricidae,Hystrixafricaeaustralis,11300,13.175,11300,13.175,White&Seymour(2003)
Rodentia,Muridae,Acomyscahirinus,42,0.258,42,0.258,White&Seymour(2003)
Rodentia,Muridae,Acomysrussatus,51.1,0.23,55.4,0.24,Heusner(1991)
Rodentia,Muridae,Acomysrussatus,55.55,0.239,,,White&Seymour(2003)
Rodentia,Muridae,Acomysrussatus,60,0.251,,,Lovegrove(2003)
Rodentia,Muridae,Acomysspinosissimus,27.02,0.246,27,0.246,White&Seymour(2003)
Rodentia,Muridae,Acomyssubspinosus,32.25,0.465,32.3,0.465,White&Seymour(2003)
Rodentia,Muridae,Aethomysnamaquensis,57.3,0.269,62.6,0.292,Lovegrove(2000)
Rodentia,Muridae,Aethomysnamaquensis,64.2,0.317,,,White&Seymour(2003)
Rodentia,Muridae,Aethomysnamaquensis,66.6,0.293,,,Lovegrove(2003)
Rodentia,Muridae,Akodonalbiventer,31,0.259,31,0.259,White&Seymour(2003)
Rodentia,Muridae,Akodonazarae,23.5,0.223,23.7,0.225,Lovegrove(2000)
Rodentia,Muridae,Akodonazarae,24,0.228,,,White&Seymour(2003)
Rodentia,Muridae,Akodonlanosus,24,0.254,24,0.254,White&Seymour(2003)
Rodentia,Muridae,Akodonlongipilis,42.3,0.321,42.3,0.321,White&Seymour(2003)
Rodentia,Muridae,Akodonolivaceus,27,0.276,27,0.276,White&Seymour(2003)
Rodentia,Muridae,Alticolaargentatus,37.7,0.675,37.7,0.675,White&Seymour(2003)
Rodentia,Muridae,Apodemusagrarius,21.2,0.373,21.2,0.373,Lovegrove(2003)
Rodentia,Muridae,Apodemusflavicollis,23.4,0.236,28.3,0.365,Lovegrove(2003)
Rodentia,Muridae,Apodemusflavicollis,23.9,0.242,,,White&Seymour(2003)
Rodentia,Muridae,Apodemusflavicollis,40.5,0.85,,,Lovegrove(2000)
Rodentia,Muridae,Apodemushermonensis,20.5,0.279,20.6,0.28,White&Seymour(2003)
Rodentia,Muridae,Apodemushermonensis,20.7,0.282,,,Lovegrove(2000)
Rodentia,Muridae,Apodemusmystacinus,40.4,0.312,41.3,0.351,White&Seymour(2003)
Rodentia,Muridae,Apodemusmystacinus,42.3,0.394,,,Lovegrove(2000)
Rodentia,Muridae,Apodemussylvaticus,22,0.318,23.8,0.264,Lovegrove(2000)
Rodentia,Muridae,Apodemussylvaticus,23.9,0.242,,,White&Seymour(2003)
Rodentia,Muridae,Apodemussylvaticus,25.7,0.241,,,Lovegrove(2003)
Rodentia,Muridae,Arborimuslongicaudus,21.8,0.329,21.8,0.329,White&Seymour(2003)
Rodentia,Muridae,Arvicolaterrestris,92,0.595,94.7,0.613,White&Seymour(2003)
Rodentia,Muridae,Arvicolaterrestris,97.5,0.631,,,Lovegrove(2000)
Rodentia,Muridae,Auliscomysboliviensis,76.8,0.617,76.8,0.617,White&Seymour(2003)
Rodentia,Muridae,Auliscomysmicropus,62.3,0.546,62.3,0.546,White&Seymour(2003)
Rodentia,Muridae,Baiomystaylori,7.15,0.095,7.2,0.095,White&Seymour(2003)
Rodentia,Muridae,Calomyscallosus,48,0.311,49.2,0.371,Lovegrove(2000)
Rodentia,Muridae,Calomyscallosus,49.5,0.395,,,Lovegrove(2000)
Rodentia,Muridae,Calomyscallosus,50.1,0.417,,,White&Seymour(2003)
Rodentia,Muridae,Calomyslepidus,16,0.161,16,0.161,Lovegrove(2003)
Rodentia,Muridae,Calomysmusculinus,16.9,0.154,16.9,0.154,White&Seymour(2003)
Rodentia,Muridae,Cannomysbadius,344,0.96,344,0.96,White&Seymour(2003)
Rodentia,Muridae,Chionomysnivalis,32.8,0.452,32.8,0.452,White&Seymour(2003)
Rodentia,Muridae,Chroeomysandinus,34.6,0.361,34.7,0.353,White&Seymour(2003)
Rodentia,Muridae,Chroeomysandinus,34.9,0.345,,,Lovegrove(2003)
Rodentia,Muridae,Clethrionomyscalifornicus,18.3,0.341,18.3,0.341,Lovegrove(2000)
Rodentia,Muridae,Clethrionomysgapperi,22.3,0.275,23.4,0.291,White&Seymour(2003)
Rodentia,Muridae,Clethrionomysgapperi,23.3,0.27,,,Lovegrove(2003)
Rodentia,Muridae,Clethrionomysgapperi,24.6,0.332,,,Lovegrove(2000)
Rodentia,Muridae,Clethrionomysglareolus,18,0.311,21.5,0.312,Hart(1971)
Rodentia,Muridae,Clethrionomysglareolus,20.5,0.27,,,Heusner(1991)
Rodentia,Muridae,Clethrionomysglareolus,23.4,0.354,,,White&Seymour(2003)
Rodentia,Muridae,Clethrionomysglareolus,24.6,0.32,,,Lovegrove(2003)
Rodentia,Muridae,Clethrionomysrufocanus,27,0.331,27.2,0.321,White&Seymour(2003)
Rodentia,Muridae,Clethrionomysrufocanus,27.5,0.31,,,Heusner(1991)
Rodentia,Muridae,Clethrionomysrutilus,28,0.43,28,0.43,White&Seymour(2003)
Rodentia,Muridae,Coniluruspenicillatus,213.2,0.908,213.2,0.908,White&Seymour(2003)
Rodentia,Muridae,Cricetomysgambianus,1521.4,5.703,1686.7,6.024,Lovegrove(2000)
Rodentia,Muridae,Cricetomysgambianus,1870,6.364,,,White&Seymour(2003)
Rodentia,Muridae,Cricetulusmigratorius,30.7,0.245,30.7,0.245,White&Seymour(2003)
Rodentia,Muridae,Cricetuscricetus,336.7,1.19,365.3,1.251,Heusner(1991)
Rodentia,Muridae,Cricetuscricetus,362,1.293,,,White&Seymour(2003)
Rodentia,Muridae,Cricetuscricetus,400,1.272,,,Hart(1971)
Rodentia,Muridae,Desmodillusauricularis,71.93,0.49,71.9,0.49,White&Seymour(2003)
Rodentia,Muridae,Dicrostonyxgroenlandicus,47,0.52,56.8,0.459,Heusner(1991)
Rodentia,Muridae,Dicrostonyxgroenlandicus,59.62,0.551,,,White&Seymour(2003)
Rodentia,Muridae,Dicrostonyxgroenlandicus,61,0.391,,,Hart(1971)
Rodentia,Muridae,Dicrostonyxgroenlandicus,61,0.395,,,Hart(1971)
Rodentia,Muridae,Eligmodontiatypus,17.5,0.167,17.5,0.167,White&Seymour(2003)
Rodentia,Muridae,Euneomyschinchilloides,65.4,0.471,65.4,0.471,White&Seymour(2003)
Rodentia,Muridae,Gerbilluruspaeba,33.9,0.194,33.9,0.194,White&Seymour(2003)
Rodentia,Muridae,Gerbillurussetzeri,46.1,0.206,46.1,0.206,White&Seymour(2003)
Rodentia,Muridae,Gerbillurustytonis,29.9,0.177,29.9,0.177,White&Seymour(2003)
Rodentia,Muridae,Gerbillurusvallinus,38.8,0.194,38.8,0.194,White&Seymour(2003)
Rodentia,Muridae,Gerbillusallenbyi,35.3,0.217,35.3,0.217,Lovegrove(2000)
Rodentia,Muridae,Gerbillusdasyurus,27.6,0.163,27.6,0.163,White&Seymour(2003)
Rodentia,Muridae,Gerbillusgerbillus,29.7,0.237,29.7,0.237,White&Seymour(2003)
Rodentia,Muridae,Gerbillusnanus,28.4,0.124,29.7,0.129,White&Seymour(2003)
Rodentia,Muridae,Gerbillusnanus,31,0.135,,,Lovegrove(2000)
Rodentia,Muridae,Gerbillusperpallidus,52.4,0.243,56.3,0.261,White&Seymour(2003)
Rodentia,Muridae,Gerbillusperpallidus,60.5,0.28,,,Lovegrove(2003)
Rodentia,Muridae,Gerbilluspusillus,12.6,0.075,12.6,0.075,White&Seymour(2003)
Rodentia,Muridae,Gerbilluspyramidum,108.5,0.454,108.5,0.454,White&Seymour(2003)
Rodentia,Muridae,Golundaellioti,56.2,0.339,56.2,0.339,Lovegrove(2003)
Rodentia,Muridae,Graomysgriseoflavus,69.4,0.469,69.4,0.469,White&Seymour(2003)
Rodentia,Muridae,Hydromyschrysogaster,900,2.97,900,2.97,Heusner(1991)
Rodentia,Muridae,Isthmomyspirrensis,137.9,0.677,137.9,0.677,White&Seymour(2003)
Rodentia,Muridae,Lasiopodomysbrandtii,40.2,0.428,40.2,0.428,White&Seymour(2003)
Rodentia,Muridae,Lemmiscuscurtatus,30.3,0.281,30.3,0.281,White&Seymour(2003)
Rodentia,Muridae,Lemmuslemmus,80,1.071,80,1.071,White&Seymour(2003)
Rodentia,Muridae,Lemmussibiricus,50.2,0.503,60.8,0.667,White&Seymour(2003)
Rodentia,Muridae,Lemmussibiricus,64,0.882,,,Lovegrove(2000)
Rodentia,Muridae,Lemmussibiricus,70,0.67,,,Heusner(1991)
Rodentia,Muridae,Lemniscomysgriselda,47.5,0.321,47.5,0.321,White&Seymour(2003)
Rodentia,Muridae,Lemniscomysrosalia,50.53,0.343,50.5,0.343,White&Seymour(2003)
Rodentia,Muridae,Malacothrixtypica,21.7,0.115,21.7,0.115,White&Seymour(2003)
Rodentia,Muridae,Mastomysnatalensis,41.49,0.183,41.5,0.183,Lovegrove(2000)
Rodentia,Muridae,Megadontomysthomasi,110.8,0.692,110.8,0.692,White&Seymour(2003)
Rodentia,Muridae,Merioneshurrianae,69,0.304,70.6,0.301,White&Seymour(2003)
Rodentia,Muridae,Merioneshurrianae,72.3,0.298,,,Lovegrove(2003)
Rodentia,Muridae,Merionestristrami,112,0.55,112,0.55,White&Seymour(2003)
Rodentia,Muridae,Merionesunguiculatus,58.1,0.69,64.8,0.546,Lovegrove(2003)
Rodentia,Muridae,Merionesunguiculatus,67,0.43,,,White&Seymour(2003)
Rodentia,Muridae,Merionesunguiculatus,70,0.547,,,Hart(1971)
Rodentia,Muridae,Mesocricetusauratus,98,0.82,108.2,0.69,White&Seymour(2003)
Rodentia,Muridae,Mesocricetusauratus,119.5,0.58,,,Heusner(1991)
Rodentia,Muridae,Micromysminutus,6,0.224,7.6,0.201,Hart(1971)
Rodentia,Muridae,Micromysminutus,7.37,0.118,,,White&Seymour(2003)
Rodentia,Muridae,Micromysminutus,8.7,0.24,,,Heusner(1991)
Rodentia,Muridae,Micromysminutus,8.71,0.26,,,Heusner(1991)
Rodentia,Muridae,Microtusagrestis,22.3,0.38,25,0.367,Heusner(1991)
Rodentia,Muridae,Microtusagrestis,28,0.355,,,White&Seymour(2003)
Rodentia,Muridae,Microtusarvalis,20,0.346,21.9,0.343,White&Seymour(2003)
Rodentia,Muridae,Microtusarvalis,23.9,0.34,,,Heusner(1991)
Rodentia,Muridae,Microtusbreweri,53.1,0.412,53.1,0.412,White&Seymour(2003)
Rodentia,Muridae,Microtuscalifornicus,44,0.38,44,0.38,White&Seymour(2003)
Rodentia,Muridae,Microtusguentheri,43.8,0.447,43.8,0.447,White&Seymour(2003)
Rodentia,Muridae,Microtuslongicaudus,28.6,0.377,32.5,0.383,White&Seymour(2003)
Rodentia,Muridae,Microtuslongicaudus,30.2,0.347,,,Lovegrove(2003)
Rodentia,Muridae,Microtuslongicaudus,31.2,0.41,,,Lovegrove(2000)
Rodentia,Muridae,Microtuslongicaudus,41.4,0.4,,,Heusner(1991)
Rodentia,Muridae,Microtusmexicanus,28,0.26,28.4,0.261,Heusner(1991)
Rodentia,Muridae,Microtusmexicanus,28.8,0.262,,,White&Seymour(2003)
Rodentia,Muridae,Microtusmontanus,30.8,0.455,32.9,0.46,Lovegrove(2000)
Rodentia,Muridae,Microtusmontanus,35.1,0.465,,,White&Seymour(2003)
Rodentia,Muridae,Microtusochrogaster,46.7,0.441,48.2,0.41,White&Seymour(2003)
Rodentia,Muridae,Microtusochrogaster,47,0.459,,,Lovegrove(2000)
Rodentia,Muridae,Microtusochrogaster,51,0.34,,,Heusner(1991)
Rodentia,Muridae,Microtusoeconomus,32,0.57,32.8,0.566,Heusner(1991)
Rodentia,Muridae,Microtusoeconomus,33.7,0.563,,,White&Seymour(2003)
Rodentia,Muridae,Microtuspennsylvanicus,37.8,0.457,38.2,0.428,Lovegrove(2000)
Rodentia,Muridae,Microtuspennsylvanicus,38,0.41,,,Heusner(1991)
Rodentia,Muridae,Microtuspennsylvanicus,38.9,0.419,,,White&Seymour(2003)
Rodentia,Muridae,Microtuspinetorum,23.8,0.312,24.8,0.305,Lovegrove(2003)
Rodentia,Muridae,Microtuspinetorum,25,0.28,,,Heusner(1991)
Rodentia,Muridae,Microtuspinetorum,25.5,0.326,,,White&Seymour(2003)
Rodentia,Muridae,Microtusrichardsoni,51,0.5,64.5,0.701,Heusner(1991)
Rodentia,Muridae,Microtusrichardsoni,65.65,0.714,,,White&Seymour(2003)
Rodentia,Muridae,Microtusrichardsoni,80,0.964,,,Lovegrove(2003)
Rodentia,Muridae,Microtussubterraneus,17.8,0.276,17.8,0.276,White&Seymour(2003)
Rodentia,Muridae,Microtustownsendii,52.2,0.504,52.2,0.504,White&Seymour(2003)
Rodentia,Muridae,Microtusxanthognathus,68.5,0.55,68.5,0.55,White&Seymour(2003)
Rodentia,Muridae,Millardiameltada,67.4,0.327,67.4,0.327,White&Seymour(2003)
Rodentia,Muridae,Musminutoides,7.92,0.124,8,0.129,Lovegrove(2000)
Rodentia,Muridae,Musminutoides,8.06,0.134,,,White&Seymour(2003)
Rodentia,Muridae,Musmusculus,13.2,0.365,18,0.271,Lovegrove(2003)
Rodentia,Muridae,Musmusculus,17,0.16,,,Heusner(1991)
Rodentia,Muridae,Musmusculus,26,0.34,,,Heusner(1991)
Rodentia,Muridae,Musspretus,21.8,0.345,21.8,0.345,White&Seymour(2003)
Rodentia,Muridae,Myopusschisticolor,26.4,0.522,26.4,0.522,White&Seymour(2003)
Rodentia,Muridae,Mystromysalbicaudatus,93.78,0.707,93.8,0.707,White&Seymour(2003)
Rodentia,Muridae,Nannospalaxehrenbergi,128,0.614,133.8,0.585,Lovegrove(2000)
Rodentia,Muridae,Nannospalaxehrenbergi,134,0.568,,,White&Seymour(2003)
Rodentia,Muridae,Nannospalaxehrenbergi,134,0.462,,,White&Seymour(2003)
Rodentia,Muridae,Nannospalaxehrenbergi,135,0.64,,,White&Seymour(2003)
Rodentia,Muridae,Nannospalaxehrenbergi,138,0.662,,,White&Seymour(2003)
Rodentia,Muridae,Nannospalaxleucodon,151.9,0.713,183.3,0.76,Lovegrove(2000)
Rodentia,Muridae,Nannospalaxleucodon,177.9,0.63,,,Heusner(1991)
Rodentia,Muridae,Nannospalaxleucodon,201,0.83,,,White&Seymour(2003)
Rodentia,Muridae,Nannospalaxleucodon,208,0.893,,,Hart(1971)
Rodentia,Muridae,Neofiberalleni,258.1,1.209,258.1,1.209,White&Seymour(2003)
Rodentia,Muridae,Neotomaalbigula,172.4,0.72,177.6,0.735,Heusner(1991)
Rodentia,Muridae,Neotomaalbigula,183,0.75,,,White&Seymour(2003)
Rodentia,Muridae,Neotomacinerea,205.1,0.941,256.5,1.152,White&Seymour(2003)
Rodentia,Muridae,Neotomacinerea,320.9,1.41,,,Heusner(1991)
Rodentia,Muridae,Neotomafuscipes,187,0.824,187,0.824,White&Seymour(2003)
Rodentia,Muridae,Neotomalepida,98.7,0.413,112.5,0.46,Lovegrove(2003)
Rodentia,Muridae,Neotomalepida,106,0.36,,,Heusner(1991)
Rodentia,Muridae,Neotomalepida,110,0.485,,,White&Seymour(2003)
Rodentia,Muridae,Neotomalepida,113.4,0.517,,,Lovegrove(2000)
Rodentia,Muridae,Neotomalepida,138,0.554,,,Hart(1971)
Rodentia,Muridae,Notomysalexis,32.3,0.252,32.3,0.252,White&Seymour(2003)
Rodentia,Muridae,Notomyscervinus,33.2,0.246,33.7,0.239,Lovegrove(2000)
Rodentia,Muridae,Notomyscervinus,34.2,0.233,,,White&Seymour(2003)
Rodentia,Muridae,Ochrotomysnuttalli,19.5,0.151,19.5,0.151,White&Seymour(2003)
Rodentia,Muridae,Oligoryzomyslongicaudatus,28.2,0.285,28.2,0.285,White&Seymour(2003)
Rodentia,Muridae,Ondatrazibethicus,842,3.89,976.3,4.363,Heusner(1991)
Rodentia,Muridae,Ondatrazibethicus,1004.6,3.586,,,White&Seymour(2003)
Rodentia,Muridae,Ondatrazibethicus,1100,5.952,,,Hart(1971)
Rodentia,Muridae,Onychomystorridus,19.1,0.165,19.1,0.165,White&Seymour(2003)
Rodentia,Muridae,Otomysirroratus,102,0.474,102,0.474,White&Seymour(2003)
Rodentia,Muridae,Otomyssloggetti,113.29,0.746,113.3,0.746,White&Seymour(2003)
Rodentia,Muridae,Otomysunisulcatus,96,0.595,96,0.595,White&Seymour(2003)
Rodentia,Muridae,Oxymycterusroberti,83.5,0.508,83.5,0.508,White&Seymour(2003)
Rodentia,Muridae,Parotomysbrantsii,86.5,0.468,86.5,0.468,White&Seymour(2003)
Rodentia,Muridae,Peromyscusboylii,23.2,0.303,23.2,0.303,White&Seymour(2003)
Rodentia,Muridae,Peromyscuscalifornicus,45.5,0.261,47,0.267,Lovegrove(2003)
Rodentia,Muridae,Peromyscuscalifornicus,47.6,0.292,,,White&Seymour(2003)
Rodentia,Muridae,Peromyscuscalifornicus,48,0.25,,,Heusner(1991)
Rodentia,Muridae,Peromyscuscrinitus,13.6,0.1,20.5,0.162,Heusner(1991)
Rodentia,Muridae,Peromyscuscrinitus,15.9,0.14,,,Lovegrove(2003)
Rodentia,Muridae,Peromyscuscrinitus,16,0.143,,,Hart(1971)
Rodentia,Muridae,Peromyscuscrinitus,20.9,0.173,,,Lovegrove(2003)
Rodentia,Muridae,Peromyscuscrinitus,49.6,0.324,,,White&Seymour(2003)
Rodentia,Muridae,Peromyscuseremicus,20,0.179,21,0.173,Hart(1971)
Rodentia,Muridae,Peromyscuseremicus,20.7,0.15,,,Heusner(1991)
Rodentia,Muridae,Peromyscuseremicus,21.5,0.185,,,White&Seymour(2003)
Rodentia,Muridae,Peromyscuseremicus,22,0.182,,,Lovegrove(2000)
Rodentia,Muridae,Peromyscusgossypinus,21.5,0.206,21.5,0.206,White&Seymour(2003)
Rodentia,Muridae,Peromyscusleucopus,20,0.185,22.3,0.213,White&Seymour(2003)
Rodentia,Muridae,Peromyscusleucopus,21.4,0.189,,,Lovegrove(2000)
Rodentia,Muridae,Peromyscusleucopus,22.1,0.205,,,Lovegrove(2003)
Rodentia,Muridae,Peromyscusleucopus,22.3,0.19,,,Heusner(1991)
Rodentia,Muridae,Peromyscusleucopus,26,0.319,,,Hart(1971)
Rodentia,Muridae,Peromyscusmaniculatus,17,0.17,20.5,0.219,Heusner(1991)
Rodentia,Muridae,Peromyscusmaniculatus,18.7,0.203,,,Lovegrove(2000)
Rodentia,Muridae,Peromyscusmaniculatus,18.93,0.22,,,White&Seymour(2003)
Rodentia,Muridae,Peromyscusmaniculatus,19,0.212,,,Hart(1971)
Rodentia,Muridae,Peromyscusmaniculatus,19,0.223,,,Hart(1971)
Rodentia,Muridae,Peromyscusmaniculatus,19.1,0.217,,,Lovegrove(2003)
Rodentia,Muridae,Peromyscusmaniculatus,19.53,0.222,,,White&Seymour(2003)
Rodentia,Muridae,Peromyscusmaniculatus,20.38,0.209,,,White&Seymour(2003)
Rodentia,Muridae,Peromyscusmaniculatus,22,0.245,,,Hart(1971)
Rodentia,Muridae,Peromyscusmaniculatus,22.8,0.206,,,White&Seymour(2003)
Rodentia,Muridae,Peromyscusmaniculatus,23.19,0.257,,,White&Seymour(2003)
Rodentia,Muridae,Peromyscusmaniculatus,24.2,0.225,,,Lovegrove(2003)
Rodentia,Muridae,Peromyscusmaniculatus,25,0.251,,,Hart(1971)
Rodentia,Muridae,Peromyscusmegalops,66,0.515,66.1,0.511,Hart(1971)
Rodentia,Muridae,Peromyscusmegalops,66.2,0.506,,,White&Seymour(2003)
Rodentia,Muridae,Peromyscusoreas,24.58,0.243,24.6,0.243,White&Seymour(2003)
Rodentia,Muridae,Peromyscuspolionotus,12,0.12,12,0.12,Lovegrove(2003)
Rodentia,Muridae,Peromyscussitkensis,28.3,0.261,28.3,0.261,White&Seymour(2003)
Rodentia,Muridae,Peromyscustruei,33,0.256,33.1,0.307,Lovegrove(2000)
Rodentia,Muridae,Peromyscustruei,33,0.35,,,Hart(1971)
Rodentia,Muridae,Peromyscustruei,33.2,0.283,,,White&Seymour(2003)
Rodentia,Muridae,Peromyscustruei,33.3,0.349,,,White&Seymour(2003)
Rodentia,Muridae,Petromyscuscollinus,20.41,0.115,20.4,0.115,Lovegrove(2003)
Rodentia,Muridae,Phenacomysintermedius,21.5,0.375,21.5,0.375,White&Seymour(2003)
Rodentia,Muridae,Phodopussungorus,25.7,0.228,31.3,0.313,White&Seymour(2003)
Rodentia,Muridae,Phodopussungorus,31.4,0.329,,,Lovegrove(2003)
Rodentia,Muridae,Phodopussungorus,33.2,0.3,,,Heusner(1991)
Rodentia,Muridae,Phodopussungorus,35.9,0.425,,,Lovegrove(2000)
Rodentia,Muridae,Phyllotisdarwini,36,0.253,47,0.333,Lovegrove(2000)
Rodentia,Muridae,Phyllotisdarwini,49,0.367,,,White&Seymour(2003)
Rodentia,Muridae,Phyllotisdarwini,59,0.398,,,White&Seymour(2003)
Rodentia,Muridae,Phyllotismagister,62.8,0.385,62.8,0.385,White&Seymour(2003)
Rodentia,Muridae,Phyllotisxanthopygus,55,0.316,55,0.316,White&Seymour(2003)
Rodentia,Muridae,Podomysfloridanus,30.8,0.288,30.8,0.288,White&Seymour(2003)
Rodentia,Muridae,Pseudomysgracilicaudatus,79.8,0.467,79.8,0.467,White&Seymour(2003)
Rodentia,Muridae,Pseudomyshermannsburgensis,12.2,0.13,12.2,0.13,White&Seymour(2003)
Rodentia,Muridae,Rattuscolletti,165.7,0.686,165.7,0.686,White&Seymour(2003)
Rodentia,Muridae,Rattusfuscipes,76,0.471,76,0.471,White&Seymour(2003)
Rodentia,Muridae,Rattuslutreolus,109,0.353,109,0.353,White&Seymour(2003)
Rodentia,Muridae,Rattusnorvegicus,160,1.339,206.9,1.404,Hart(1971)
Rodentia,Muridae,Rattusnorvegicus,160,1.169,,,Hart(1971)
Rodentia,Muridae,Rattusnorvegicus,170,0.948,,,Hart(1971)
Rodentia,Muridae,Rattusnorvegicus,170,0.96,,,Heusner(1991)
Rodentia,Muridae,Rattusnorvegicus,225,1.506,,,Hart(1971)
Rodentia,Muridae,Rattusnorvegicus,250,2.092,,,Hart(1971)
Rodentia,Muridae,Rattusnorvegicus,390,2.393,,,Hart(1971)
Rodentia,Muridae,Rattusrattus,117,0.77,117,0.77,Heusner(1991)
Rodentia,Muridae,Rattussordidus,187,0.595,187,0.595,White&Seymour(2003)
Rodentia,Muridae,Rattusvillosissimus,185,0.585,215.3,0.69,Lovegrove(2003)
Rodentia,Muridae,Rattusvillosissimus,250.6,0.813,,,White&Seymour(2003)
Rodentia,Muridae,Reithrodonauritus,78.7,0.428,78.7,0.428,Lovegrove(2003)
Rodentia,Muridae,Reithrodontomysmegalotis,9,0.13,9,0.13,Heusner(1991)
Rodentia,Muridae,Rhabdomyspumilio,39.6,0.179,39.6,0.179,White&Seymour(2003)
Rodentia,Muridae,Saccostomuscampestris,61.3,0.287,68.1,0.274,White&Seymour(2003)
Rodentia,Muridae,Saccostomuscampestris,75.7,0.261,,,Lovegrove(2003)
Rodentia,Muridae,Scotinomysteguina,12,0.174,12,0.174,White&Seymour(2003)
Rodentia,Muridae,Scotinomysxerampelinus,15.2,0.178,15.2,0.178,White&Seymour(2003)
Rodentia,Muridae,Sekeetamyscalurus,56.9,0.248,63.6,0.274,White&Seymour(2003)
Rodentia,Muridae,Sekeetamyscalurus,71.2,0.303,,,Lovegrove(2003)
Rodentia,Muridae,Sigmodonalleni,137.8,1.134,137.8,1.134,White&Seymour(2003)
Rodentia,Muridae,Sigmodonfulviventer,137.8,1.157,137.8,1.157,White&Seymour(2003)
Rodentia,Muridae,Sigmodonhispidus,139.3,1.285,159.6,1.085,White&Seymour(2003)
Rodentia,Muridae,Sigmodonhispidus,152.4,0.71,,,Heusner(1991)
Rodentia,Muridae,Sigmodonhispidus,191.6,1.4,,,Lovegrove(2003)
Rodentia,Muridae,Sigmodonleucotis,128.6,1.04,128.6,1.04,White&Seymour(2003)
Rodentia,Muridae,Sigmodonochrognathus,115.1,0.86,115.1,0.86,White&Seymour(2003)
Rodentia,Muridae,Steatomyspratensis,37.54,0.105,37.5,0.105,White&Seymour(2003)
Rodentia,Muridae,Stochomyslongicaudatus,82.33,0.55,83.3,0.547,Heusner(1991)
Rodentia,Muridae,Stochomyslongicaudatus,84.2,0.544,,,White&Seymour(2003)
Rodentia,Muridae,Tachyoryctessplendens,171,0.811,197,0.856,Hart(1971)
Rodentia,Muridae,Tachyoryctessplendens,191,0.842,,,White&Seymour(2003)
Rodentia,Muridae,Tachyoryctessplendens,234,0.92,,,Heusner(1991)
Rodentia,Muridae,Tateraafra,106.5,1.016,106.5,1.016,White&Seymour(2003)
Rodentia,Muridae,Tateraindica,86.8,0.421,86.9,0.422,Lovegrove(2003)
Rodentia,Muridae,Tateraindica,87,0.422,,,White&Seymour(2003)
Rodentia,Muridae,Tateraleucogaster,133.8,0.764,145.2,0.752,Lovegrove(2000)
Rodentia,Muridae,Tateraleucogaster,157.62,0.74,,,White&Seymour(2003)
Rodentia,Muridae,Thallomysnigricauda,124.7,0.382,124.7,0.382,Lovegrove(2000)
Rodentia,Muridae,Thallomyspaedulcus,132.4,0.487,132.4,0.487,White&Seymour(2003)
Rodentia,Muridae,Uromyscaudimaculatus,812,3.184,812,3.184,White&Seymour(2003)
Rodentia,Myoxidae,Graphiurusmurinus,38.43,0.225,38.4,0.225,Lovegrove(2003)
Rodentia,Myoxidae,Graphiurusocularis,67.8,0.37,67.8,0.37,White&Seymour(2003)
Rodentia,Myoxidae,Muscardinusavellanarius,23.5,0.351,23.5,0.351,White&Seymour(2003)
Rodentia,Myoxidae,Myoxusglis,152,0.5,174.4,0.664,Heusner(1991)
Rodentia,Myoxidae,Myoxusglis,200,0.881,,,White&Seymour(2003)
Rodentia,Octodontidae,Aconaemysfuscus,112,0.675,112,0.675,White&Seymour(2003)
Rodentia,Octodontidae,Octodonbridgesi,176.1,1.023,176.1,1.023,White&Seymour(2003)
Rodentia,Octodontidae,Octodondegus,193,0.949,199.6,0.958,White&Seymour(2003)
Rodentia,Octodontidae,Octodondegus,206.4,0.966,,,Lovegrove(2000)
Rodentia,Octodontidae,Octodonlunatus,173.2,0.957,173.2,0.957,White&Seymour(2003)
Rodentia,Octodontidae,Octodontomysgliroides,152,0.729,154.1,0.715,White&Seymour(2003)
Rodentia,Octodontidae,Octodontomysgliroides,156.3,0.702,,,Lovegrove(2000)
Rodentia,Octodontidae,Octomysmimax,118.6,0.642,118.6,0.642,White&Seymour(2003)
Rodentia,Octodontidae,Spalacopuscyanus,109.5,0.52,126.2,0.561,Lovegrove(2000)
Rodentia,Octodontidae,Spalacopuscyanus,135,0.596,,,White&Seymour(2003)
Rodentia,Octodontidae,Spalacopuscyanus,136,0.57,,,Heusner(1991)
Rodentia,Octodontidae,Tympanoctomysbarrerae,71.4,0.43,71.4,0.43,White&Seymour(2003)
Rodentia,Peditidae,Pedetescapensis,2300,4.427,2300,4.427,White&Seymour(2003)
Rodentia,Sciuridae,Ammospermophilusleucurus,75.6,0.439,94.1,0.511,Lovegrove(2003)
Rodentia,Sciuridae,Ammospermophilusleucurus,95.7,0.524,,,White&Seymour(2003)
Rodentia,Sciuridae,Ammospermophilusleucurus,96,0.54,,,Heusner(1991)
Rodentia,Sciuridae,Ammospermophilusleucurus,112.8,0.55,,,Heusner(1991)
Rodentia,Sciuridae,Cynomysludovicianus,1112.3,2.358,1112.3,2.358,White&Seymour(2003)
Rodentia,Sciuridae,Epixeruswilsoni,460,1.347,460,1.347,White&Seymour(2003)
Rodentia,Sciuridae,Funisciurusanerythrus,63,0.58,63,0.58,Heusner(1991)
Rodentia,Sciuridae,Funisciuruscongicus,112.3,0.533,112.3,0.533,White&Seymour(2003)
Rodentia,Sciuridae,Funisciurusisabella,60,0.57,60,0.57,White&Seymour(2003)
Rodentia,Sciuridae,Funisciuruslemniscatus,95,0.5,95,0.5,Heusner(1991)
Rodentia,Sciuridae,Funisciuruspyrrhopus,244,1.011,244,1.011,White&Seymour(2003)
Rodentia,Sciuridae,Glaucomysvolans,62.8,0.37,67.4,0.414,Heusner(1991)
Rodentia,Sciuridae,Glaucomysvolans,64.25,0.377,,,White&Seymour(2003)
Rodentia,Sciuridae,Glaucomysvolans,76,0.509,,,Lovegrove(2000)
Rodentia,Sciuridae,Heliosciurusrufobrachium,230,0.744,230,0.744,White&Seymour(2003)
Rodentia,Sciuridae,Marmotaflaviventris,4295,8.626,4295,8.626,White&Seymour(2003)
Rodentia,Sciuridae,Marmotamonax,2650,3.696,2650,3.696,White&Seymour(2003)
Rodentia,Sciuridae,Paraxeruscepapi,223.6,0.811,223.6,0.811,White&Seymour(2003)
Rodentia,Sciuridae,Paraxeruspalliatus,206,0.977,274.8,1.191,White&Seymour(2003)
Rodentia,Sciuridae,Paraxeruspalliatus,366.6,1.452,,,White&Seymour(2003)
Rodentia,Sciuridae,Sciurusaberti,624,2.402,624,2.402,White&Seymour(2003)
Rodentia,Sciuridae,Sciuruscarolinensis,440,2.062,440,2.062,White&Seymour(2003)
Rodentia,Sciuridae,Spermophilusarmatus,307,1.062,313.2,0.915,Lovegrove(2000)
Rodentia,Sciuridae,Spermophilusarmatus,312.8,0.88,,,Heusner(1991)
Rodentia,Sciuridae,Spermophilusarmatus,320,0.821,,,White&Seymour(2003)
Rodentia,Sciuridae,Spermophilusbeecheyi,599.6,1.773,599.6,1.773,White&Seymour(2003)
Rodentia,Sciuridae,Spermophilusbeldingi,288.56,0.8,293.7,0.796,Heusner(1991)
Rodentia,Sciuridae,Spermophilusbeldingi,289.8,0.889,,,Lovegrove(2000)
Rodentia,Sciuridae,Spermophilusbeldingi,303,0.71,,,White&Seymour(2003)
Rodentia,Sciuridae,Spermophiluscitellus,240,1.272,240,1.272,White&Seymour(2003)
Rodentia,Sciuridae,Spermophilusfranklinii,607,2.19,607,2.19,Heusner(1991)
Rodentia,Sciuridae,Spermophiluslateralis,217.6,1.317,249.6,0.967,Lovegrove(2000)
Rodentia,Sciuridae,Spermophiluslateralis,237,0.8,,,White&Seymour(2003)
Rodentia,Sciuridae,Spermophiluslateralis,270.16,0.74,,,Heusner(1991)
Rodentia,Sciuridae,Spermophiluslateralis,278.7,1.119,,,Lovegrove(2003)
Rodentia,Sciuridae,Spermophilusmohavensis,240,0.629,240,0.629,White&Seymour(2003)
Rodentia,Sciuridae,Spermophilusparryii,650,2.901,650,2.901,White&Seymour(2003)
Rodentia,Sciuridae,Spermophilusrichardsonii,252.3,0.901,266.3,0.788,Lovegrove(2000)
Rodentia,Sciuridae,Spermophilusrichardsonii,273.07,0.74,,,Heusner(1991)
Rodentia,Sciuridae,Spermophilusrichardsonii,274,0.734,,,White&Seymour(2003)
Rodentia,Sciuridae,Spermophilussaturatus,252.2,0.9,256.6,0.849,Lovegrove(2000)
Rodentia,Sciuridae,Spermophilussaturatus,261.15,0.8,,,Heusner(1991)
Rodentia,Sciuridae,Spermophilusspilosoma,157.8,0.5,170.4,0.543,Heusner(1991)
Rodentia,Sciuridae,Spermophilusspilosoma,174,0.514,,,White&Seymour(2003)
Rodentia,Sciuridae,Spermophilusspilosoma,180.3,0.624,,,Lovegrove(2000)
Rodentia,Sciuridae,Spermophilustereticaudus,90.8,0.334,125.1,0.501,Lovegrove(2003)
Rodentia,Sciuridae,Spermophilustereticaudus,129,0.72,,,Hart(1971)
Rodentia,Sciuridae,Spermophilustereticaudus,167,0.522,,,White&Seymour(2003)
Rodentia,Sciuridae,Spermophilustownsendii,212.52,0.6,224,0.634,Heusner(1991)
Rodentia,Sciuridae,Spermophilustownsendii,229,0.587,,,White&Seymour(2003)
Rodentia,Sciuridae,Spermophilustownsendii,231,0.722,,,Lovegrove(2000)
Rodentia,Sciuridae,Spermophilustridecemlineatus,182,0.579,198.4,0.983,Lovegrove(2000)
Rodentia,Sciuridae,Spermophilustridecemlineatus,205.4,0.783,,,White&Seymour(2003)
Rodentia,Sciuridae,Spermophilustridecemlineatus,209,2.099,,,Hart(1971)
Rodentia,Sciuridae,Spermophilusundulatus,500,2.789,698,3.601,Hart(1971)
Rodentia,Sciuridae,Spermophilusundulatus,680,3.721,,,White&Seymour(2003)
Rodentia,Sciuridae,Spermophilusundulatus,1000,4.5,,,Heusner(1991)
Rodentia,Sciuridae,Tamiasalpinus,39,0.322,39,0.322,White&Seymour(2003)
Rodentia,Sciuridae,Tamiasamoenus,52.7,0.43,55.7,0.5,Heusner(1991)
Rodentia,Sciuridae,Tamiasamoenus,57.1,0.537,,,White&Seymour(2003)
Rodentia,Sciuridae,Tamiasamoenus,57.3,0.54,,,Lovegrove(2003)
Rodentia,Sciuridae,Tamiasmerriami,75,0.44,76.9,0.459,White&Seymour(2003)
Rodentia,Sciuridae,Tamiasmerriami,78.9,0.48,,,Heusner(1991)
Rodentia,Sciuridae,Tamiasminimus,45.8,0.406,49.3,0.349,White&Seymour(2003)
Rodentia,Sciuridae,Tamiasminimus,53,0.3,,,Heusner(1991)
Rodentia,Sciuridae,Tamiaspalmeri,69.4,0.631,69.4,0.631,White&Seymour(2003)
Rodentia,Sciuridae,Tamiasstriatus,87.4,0.502,89.6,0.813,White&Seymour(2003)
Rodentia,Sciuridae,Tamiasstriatus,91.8,1.316,,,Lovegrove(2000)
Rodentia,Sciuridae,Tamiasciurushudsonicus,202,1.803,219.6,1.615,White&Seymour(2003)
Rodentia,Sciuridae,Tamiasciurushudsonicus,224,1.41,,,Heusner(1991)
Rodentia,Sciuridae,Tamiasciurushudsonicus,225,1.883,,,Hart(1971)
Rodentia,Sciuridae,Tamiasciurushudsonicus,228.3,1.42,,,White&Seymour(2003)
Rodentia,Sciuridae,Xerusinauris,515.3,1.731,528.5,1.775,Lovegrove(2000)
Rodentia,Sciuridae,Xerusinauris,542,1.82,,,White&Seymour(2003)
Rodentia,Sciuridae,Xerusprinceps,602,1.897,614.4,1.936,White&Seymour(2003)
Rodentia,Sciuridae,Xerusprinceps,627,1.976,,,Lovegrove(2000)
Scandentia,Tupaiidae,Ptilocercuslowii,57.5,0.24,57.5,0.24,Heusner(1991)
Scandentia,Tupaiidae,Tupaiaglis,123,0.522,123,0.522,White&Seymour(2003)
Scandentia,Tupaiidae,Urogaleeveretti,260.6,1.25,260.6,1.25,White&Seymour(2003)
Sirenia,Trichechidae,Trichechusinunguis,165223,64.52,167594.5,55.015,Lovegrove(2000)
Sirenia,Trichechidae,Trichechusinunguis,170000,46.91,,,Heusner(1991)
Tubulidentata,Orycteropodidae,Orycteropusafer,48000,34.275,48000,34.275,White&Seymour(2003)
Xenarthra,Bradypodidae,Bradypusvariegatus,3790,3.827,3790,3.827,White&Seymour(2003)
Xenarthra,Dasypodidae,Cabassouscentralis,3810,4.527,4061.7,4.812,Lovegrove(2000)
Xenarthra,Dasypodidae,Cabassouscentralis,4330,5.116,,,White&Seymour(2003)
Xenarthra,Dasypodidae,Chaetophractusnationi,2150,3.118,2150,3.118,White&Seymour(2003)
Xenarthra,Dasypodidae,Chaetophractusvellerosus,1110,1.707,1110,1.707,White&Seymour(2003)
Xenarthra,Dasypodidae,Chaetophractusvillosus,4540,4.508,4540,4.508,White&Seymour(2003)
Xenarthra,Dasypodidae,Dasypusnovemcinctus,3320,4.49,3413.7,4.655,Heusner(1991)
Xenarthra,Dasypodidae,Dasypusnovemcinctus,3510,4.825,,,White&Seymour(2003)
Xenarthra,Dasypodidae,Euphractussexcinctus,8190,6.901,8190,6.901,White&Seymour(2003)
Xenarthra,Dasypodidae,Priodontesmaximus,45190,16.892,45190,16.892,White&Seymour(2003)
Xenarthra,Dasypodidae,Tolypeutesmatacus,1160,1.172,1160,1.172,White&Seymour(2003)
Xenarthra,Dasypodidae,Zaedyuspichiy,1740,2.192,1740,2.192,White&Seymour(2003)
Xenarthra,Megalonychidae,Choloepushoffmanni,3770,3.364,4005.2,3.891,White&Seymour(2003)
Xenarthra,Megalonychidae,Choloepushoffmanni,4010,3.892,,,Lovegrove(2000)
Xenarthra,Megalonychidae,Choloepushoffmanni,4250,4.5,,,Heusner(1991)
Xenarthra,Myrmecophagidae,Cyclopesdidactylus,240,0.636,240,0.636,White&Seymour(2003)
Xenarthra,Myrmecophagidae,Myrmecophagatridactyla,30600,14.543,30600,14.543,White&Seymour(2003)
Xenarthra,Myrmecophagidae,Tamanduamexicana,3500,5.077,3884.2,5.124,Lovegrove(2000)
Xenarthra,Myrmecophagidae,Tamanduamexicana,3977,5.534,,,White&Seymour(2003)
Xenarthra,Myrmecophagidae,Tamanduamexicana,4210,4.79,,,Heusner(1991)
Xenarthra,Myrmecophagidae,Tamanduatetradactyla,3500,5.015,3500,,
